Workbook

Sheet 참조
B2: 1 | C2: 日 | D2: 休 | E2: 5000 | F2: 지출 | G2: 현금
B3: 2 | C3: 月 | D3: 勤 | E3: 1000 | F3: 수입 | G3: 카드
B4: 3 | C4: 火 | G4: 페이페이
B5: 4 | C5: 水 | G5: 라쿠텐페이
B6: 5 | C6: 木 | G6: 계좌이체
B7: 6 | C7: 金
B8: 7 | C8: 土

Sheet 2026년휴일
A1: ='2026년달력'!A1 -> 2026 | C1: 월 | D1: 일
B2: =DATE($A$1,C2,D2) -> 46023 | C2: 1 | D2: 1
B3: =DATE($A$1,C3,D3) -> 46024 | C3: 1 | D3: 2
B4: =DATE($A$1,C4,D4) -> 46025 | C4: 1 | D4: 3
B5: =DATE($A$1,C5,D5) -> 46034 | C5: 1 | D5: 12
B6: =DATE($A$1,C6,D6) -> 46064 | C6: 2 | D6: 11
B7: =DATE($A$1,C7,D7) -> 46076 | C7: 2 | D7: 23
B8: =DATE($A$1,C8,D8) -> 46101 | C8: 3 | D8: 20
B9: =DATE($A$1,C9,D9) -> 46141 | C9: 4 | D9: 29
B10: =DATE($A$1,C10,D10) -> 46145 | C10: 5 | D10: 3
B11: =DATE($A$1,C11,D11) -> 46146 | C11: 5 | D11: 4
B12: =DATE($A$1,C12,D12) -> 46147 | C12: 5 | D12: 5
B13: =DATE($A$1,C13,D13) -> 46148 | C13: 5 | D13: 6
... B25: =DATE($A$1,C25,D25) -> 46387 | C25: 12 | D25: 31

Sheet 2026저축계획
A1: 월급 | B1: 0
A2: 상여 | B2: 0
A3: 잔액 | B3: 0
C4: 지출 | D4: 0 | I4: # | J4: 년월 | K4: 저축액 | L4: 누적 | M4: 상여가산
C5: 고정비 | D5: 0 | I5: 1 | J5: 202605 | K5: =$F$9*I5 -> 0 | L5: =$B$3+K5-$Q$2 -> 0
C6: 월세 | D6: 0 | I6: 2 | J6: 202606 | K6: =$F$9*I6 -> 0 | L6: =$B$3+K6-$Q$2 -> 0
I7: 3 | J7: 202607 | K7: =$F$9*I7 -> 0 | L7: =$B$3+K7-$Q$2 -> 0
C8: 지출합계 | D8: =SUM(D4:D6) -> 0 | I8: 4 | J8: 202608 | K8: =$F$9*I8 -> 0 | L8: =$B$3+K8-$Q$2 -> 0
E9: 수입 | F9: =B1-D8 -> 0 | I9: 5 | J9: 202609 | K9: =$F$9*I9 -> 0 | L9: =$B$3+K9-$Q$2 -> 0
I10: 6 | J10: 202610 | K10: =$F$9*I10 -> 0 | L10: =$B$3+K10-$Q$2 -> 0
I11: 7 | J11: 202611 | K11: =$F$9*I11 -> 0 | L11: =$B$3+K11-$Q$2 -> 0
I12: 8 | J12: 202612 | K12: =$F$9*I12 -> 0 | L12: =$B$3+K12-$Q$2 -> 0
I13: 9 | J13: 202701 | K13: =$F$9*I13 -> 0 | L13: =$B$3+K13-$Q$2 -> 0
I14: 10 | J14: 202702 | K14: =$F$9*I14 -> 0 | L14: =$B$3+K14-$Q$2 -> 0 | M14: =$B$2+L14 -> 0

Sheet 장기계획
A1: 잔액 | B1: ='2026저축계획'!B3 -> 0
A2: 월급 | B2: ='2026저축계획'!B1 -> 0
A3: 지출 | B3: ='2026저축계획'!D8 -> 0
A4: 수입 | B4: =B2-B3 -> 0
A5: 상여 | B5: ='2026저축계획'!B2 -> 0 | I5: 계획1 | N5: 계획2 | S5: 계획3
C6: 년수 | D6: 나이 | E6: 연도(3월기준) | F6: 저축액 | G6: 잔액 | I6: 연봉 | J6: 예상월급 | K6: 저축액 | L6: 잔액 | N6: 연봉 | O6: 예상월급 | P6: 저축액 | Q6: 잔액 | S6: 연봉 | T6: 예상월급 | U6: 저축액 | V6: 잔액
C7: 1 | D7: 37 | E7: 2027 | F7: =(($B$4*10))+($B$5) -> 0 | G7: =$B$1+F7 -> 0 | I7: 500 | J7: 319200 | K7: =((J7-$B$3)*10)+($B$5) -> 3192000 | L7: =$B$1+K7 -> 3192000 | N7: 500 | O7: 319200 | P7: =((O7-$B$3)*10)+($B$5) -> 3192000 | Q7: =$B$1+P7 -> 3192000 | S7: 500 | T7: 319200 | U7: =((T7-$B$3)*10)+($B$5) -> 3192000 | V7: =$B$1+U7 -> 3192000
C8: 2 | D8: 38 | E8: 2028 | F8: =(($B$4*12))+($B$5) -> 0 | G8: =G7+F8 -> 0 | I8: 550 | J8: 352000 | K8: =((J8-$B$3)*12)+($B$5) -> 4224000 | L8: =L7+K8 -> 7416000 | N8: 550 | O8: 352000 | P8: =((O8-$B$3)*12)+($B$5) -> 4224000 | Q8: =Q7+P8 -> 7416000 | S8: 550 | T8: 352000 | U8: =((T8-$B$3)*12)+($B$5) -> 4224000 | V8: =V7+U8 -> 7416000
C9: 3 | D9: 39 | E9: 2029 | F9: =(($B$4*12))+($B$5) -> 0 | G9: =G8+F9 -> 0 | I9: 550 | J9: 352000 | K9: =((J9-$B$3)*12)+($B$5) -> 4224000 | L9: =L8+K9 -> 11640000 | N9: 550 | O9: 352000 | P9: =((O9-$B$3)*12)+($B$5) -> 4224000 | Q9: =Q8+P9 -> 11640000 | S9: 600 | T9: 382000 | U9: =((T9-$B$3)*12)+($B$5) -> 4584000 | V9: =V8+U9 -> 12000000
C10: 4 | D10: 40 | E10: 2030 | F10: =(($B$4*12))+($B$5) -> 0 | G10: =G9+F10 -> 0 | I10: 550 | J10: 352000 | K10: =((J10-$B$3)*12)+($B$5) -> 4224000 | L10: =L9+K10 -> 15864000 | N10: 600 | O10: 382000 | P10: =((O10-$B$3)*12)+($B$5) -> 4584000 | Q10: =Q9+P10 -> 16224000 | S10: 650 | T10: 415000 | U10: =((T10-$B$3)*12)+($B$5) -> 4980000 | V10: =V9+U10 -> 16980000
C11: 5 | D11: 41 | E11: 2031 | F11: =(($B$4*12))+($B$5) -> 0 | G11: =G10+F11 -> 0 | I11: 600 | J11: 382000 | K11: =((J11-$B$3)*12)+($B$5) -> 4584000 | L11: =L10+K11 -> 20448000 | N11: 600 | O11: 382000 | P11: =((O11-$B$3)*12)+($B$5) -> 4584000 | Q11: =Q10+P11 -> 20808000 | S11: 700 | T11: 441000 | U11: =((T11-$B$3)*12)+($B$5) -> 5292000 | V11: =V10+U11 -> 22272000
C12: 6 | D12: 42 | E12: 2032 | F12: =(($B$4*12))+($B$5) -> 0 | G12: =G11+F12 -> 0 | I12: 600 | J12: 382000 | K12: =((J12-$B$3)*12)+($B$5) -> 4584000 | L12: =L11+K12 -> 25032000 | N12: 650 | O12: 415000 | P12: =((O12-$B$3)*12)+($B$5) -> 4980000 | Q12: =Q11+P12 -> 25788000 | S12: 750 | T12: 468000 | U12: =((T12-$B$3)*12)+($B$5) -> 5616000 | V12: =V11+U12 -> 27888000
C13: 7 | D13: 43 | E13: 2033 | F13: =(($B$4*12))+($B$5) -> 0 | G13: =G12+F13 -> 0 | I13: 600 | J13: 382000 | K13: =((J13-$B$3)*12)+($B$5) -> 4584000 | L13: =L12+K13 -> 29616000 | N13: 650 | O13: 415000 | P13: =((O13-$B$3)*12)+($B$5) -> 4980000 | Q13: =Q12+P13 -> 30768000 | S13: 800 | T13: 493000 | U13: =((T13-$B$3)*12)+($B$5) -> 5916000 | V13: =V12+U13 -> 33804000
C14: 8 | D14: 44 | E14: 2034 | F14: =(($B$4*12))+($B$5) -> 0 | G14: =G13+F14 -> 0 | I14: 650 | J14: 415000 | K14: =((J14-$B$3)*12)+($B$5) -> 4980000 | L14: =L13+K14 -> 34596000 | N14: 700 | O14: 441000 | P14: =((O14-$B$3)*12)+($B$5) -> 5292000 | Q14: =Q13+P14 -> 36060000 | S14: 850 | T14: 520000 | U14: =((T14-$B$3)*12)+($B$5) -> 6240000 | V14: =V13+U14 -> 40044000
C15: 9 | D15: 45 | E15: 2035 | F15: =(($B$4*12))+($B$5) -> 0 | G15: =G14+F15 -> 0 | I15: 650 | J15: 415000 | K15: =((J15-$B$3)*12)+($B$5) -> 4980000 | L15: =L14+K15 -> 39576000 | N15: 700 | O15: 441000 | P15: =((O15-$B$3)*12)+($B$5) -> 5292000 | Q15: =Q14+P15 -> 41352000 | S15: 900 | T15: 548000 | U15: =((T15-$B$3)*12)+($B$5) -> 6576000 | V15: =V14+U15 -> 46620000
C16: 10 | D16: 46 | E16: 2036 | F16: =(($B$4*12))+($B$5) -> 0 | G16: =G15+F16 -> 0 | I16: 650 | J16: 415000 | K16: =((J16-$B$3)*12)+($B$5) -> 4980000 | L16: =L15+K16 -> 44556000 | N16: 750 | O16: 468000 | P16: =((O16-$B$3)*12)+($B$5) -> 5616000 | Q16: =Q15+P16 -> 46968000 | S16: 950 | T16: 582000 | U16: =((T16-$B$3)*12)+($B$5) -> 6984000 | V16: =V15+U16 -> 53604000
C17: 11 | D17: 47 | E17: 2037 | F17: =(($B$4*12))+($B$5) -> 0 | G17: =G16+F17 -> 0 | I17: 700 | J17: 441000 | K17: =((J17-$B$3)*12)+($B$5) -> 5292000 | L17: =L16+K17 -> 49848000 | N17: 750 | O17: 468000 | P17: =((O17-$B$3)*12)+($B$5) -> 5616000 | Q17: =Q16+P17 -> 52584000 | S17: 1000 | T17: 608000 | U17: =((T17-$B$3)*12)+($B$5) -> 7296000 | V17: =V16+U17 -> 60900000
C18: 12 | D18: 48 | E18: 2038 | F18: =(($B$4*12))+($B$5) -> 0 | G18: =G17+F18 -> 0 | I18: 700 | J18: 441000 | K18: =((J18-$B$3)*12)+($B$5) -> 5292000 | L18: =L17+K18 -> 55140000 | N18: 800 | O18: 493000 | P18: =((O18-$B$3)*12)+($B$5) -> 5916000 | Q18: =Q17+P18 -> 58500000 | S18: 1000 | T18: 608000 | U18: =((T18-$B$3)*12)+($B$5) -> 7296000 | V18: =V17+U18 -> 68196000
C19: 13 | D19: 49 | E19: 2039 | F19: =(($B$4*12))+($B$5) -> 0 | G19: =G18+F19 -> 0 | I19: 700 | J19: 441000 | K19: =((J19-$B$3)*12)+($B$5) -> 5292000 | L19: =L18+K19 -> 60432000 | N19: 800 | O19: 493000 | P19: =((O19-$B$3)*12)+($B$5) -> 5916000 | Q19: =Q18+P19 -> 64416000 | S19: 1000 | T19: 608000 | U19: =((T19-$B$3)*12)+($B$5) -> 7296000 | V19: =V18+U19 -> 75492000
... C24: 18 | D24: 54 | E24: 2044 | F24: =(($B$4*12))+($B$5) -> 0 | G24: =G23+F24 -> 0 | I24: 800 | J24: 493000 | K24: =((J24-$B$3)*12)+($B$5) -> 5916000 | L24: =L23+K24 -> 89112000 | N24: 950 | O24: 582000 | P24: =((O24-$B$3)*12)+($B$5) -> 6984000 | Q24: =Q23+P24 -> 97032000 | S24: 1000 | T24: 608000 | U24: =((T24-$B$3)*12)+($B$5) -> 7296000 | V24: =V23+U24 -> 111972000
B25: 정년 | C25: 19 | D25: 55 | E25: 2045 | F25: =(($B$4*12))+($B$5) -> 0 | G25: =G24+F25 -> 0 | I25: 800 | J25: 493000 | K25: =((J25-$B$3)*12)+($B$5) -> 5916000 | L25: =L24+K25 -> 95028000 | N25: 950 | O25: 582000 | P25: =((O25-$B$3)*12)+($B$5) -> 6984000 | Q25: =Q24+P25 -> 104016000 | S25: 1000 | T25: 608000 | U25: =((T25-$B$3)*12)+($B$5) -> 7296000 | V25: =V24+U25 -> 119268000
C26: 20 | D26: 56 | E26: 2046 | F26: =(($B$4*12))+($B$5) -> 0 | G26: =G25+F26 -> 0 | I26: 850 | J26: 520000 | K26: =((J26-$B$3)*12)+($B$5) -> 6240000 | L26: =L25+K26 -> 101268000 | N26: 1000 | O26: 608000 | P26: =((O26-$B$3)*12)+($B$5) -> 7296000 | Q26: =Q25+P26 -> 111312000 | S26: 1000 | T26: 608000 | U26: =((T26-$B$3)*12)+($B$5) -> 7296000 | V26: =V25+U26 -> 126564000
C27: 21 | D27: 57 | E27: 2047 | F27: =(($B$4*12))+($B$5) -> 0 | G27: =G26+F27 -> 0 | I27: 850 | J27: 520000 | K27: =((J27-$B$3)*12)+($B$5) -> 6240000 | L27: =L26+K27 -> 107508000 | N27: 1000 | O27: 608000 | P27: =((O27-$B$3)*12)+($B$5) -> 7296000 | Q27: =Q26+P27 -> 118608000 | S27: 1000 | T27: 608000 | U27: =((T27-$B$3)*12)+($B$5) -> 7296000 | V27: =V26+U27 -> 133860000
C28: 22 | D28: 58 | E28: 2048 | F28: =(($B$4*12))+($B$5) -> 0 | G28: =G27+F28 -> 0 | I28: 850 | J28: 520000 | K28: =((J28-$B$3)*12)+($B$5) -> 6240000 | L28: =L27+K28 -> 113748000 | N28: 900 | O28: 548000 | P28: =((O28-$B$3)*12)+($B$5) -> 6576000 | Q28: =Q27+P28 -> 125184000 | S28: 900 | T28: 548000 | U28: =((T28-$B$3)*12)+($B$5) -> 6576000 | V28: =V27+U28 -> 140436000
C29: 23 | D29: 59 | E29: 2049 | F29: =(($B$4*12))+($B$5) -> 0 | G29: =G28+F29 -> 0 | I29: 900 | J29: 548000 | K29: =((J29-$B$3)*12)+($B$5) -> 6576000 | L29: =L28+K29 -> 120324000 | N29: 900 | O29: 548000 | P29: =((O29-$B$3)*12)+($B$5) -> 6576000 | Q29: =Q28+P29 -> 131760000 | S29: 900 | T29: 548000 | U29: =((T29-$B$3)*12)+($B$5) -> 6576000 | V29: =V28+U29 -> 147012000
C30: 24 | D30: 60 | E30: 2050 | F30: =(($B$4*12))+($B$5) -> 0 | G30: =G29+F30 -> 0 | I30: 900 | J30: 548000 | K30: =((J30-$B$3)*12)+($B$5) -> 6576000 | L30: =L29+K30 -> 126900000 | N30: 850 | O30: 520000 | P30: =((O30-$B$3)*12)+($B$5) -> 6240000 | Q30: =Q29+P30 -> 138000000 | S30: 850 | T30: 520000 | U30: =((T30-$B$3)*12)+($B$5) -> 6240000 | V30: =V29+U30 -> 153252000
C31: 25 | D31: 61 | E31: 2051 | F31: =(($B$4*12))+($B$5) -> 0 | G31: =G30+F31 -> 0 | I31: 900 | J31: 548000 | K31: =((J31-$B$3)*12)+($B$5) -> 6576000 | L31: =L30+K31 -> 133476000 | N31: 850 | O31: 520000 | P31: =((O31-$B$3)*12)+($B$5) -> 6240000 | Q31: =Q30+P31 -> 144240000 | S31: 850 | T31: 520000 | U31: =((T31-$B$3)*12)+($B$5) -> 6240000 | V31: =V30+U31 -> 159492000
C32: 26 | D32: 62 | E32: 2052 | F32: =(($B$4*12))+($B$5) -> 0 | G32: =G31+F32 -> 0 | I32: 950 | J32: 582000 | K32: =((J32-$B$3)*12)+($B$5) -> 6984000 | L32: =L31+K32 -> 140460000 | N32: 700 | O32: 441000 | P32: =((O32-$B$3)*12)+($B$5) -> 5292000 | Q32: =Q31+P32 -> 149532000 | S32: 700 | T32: 441000 | U32: =((T32-$B$3)*12)+($B$5) -> 5292000 | V32: =V31+U32 -> 164784000
C33: 27 | D33: 63 | E33: 2053 | F33: =(($B$4*12))+($B$5) -> 0 | G33: =G32+F33 -> 0 | I33: 950 | J33: 582000 | K33: =((J33-$B$3)*12)+($B$5) -> 6984000 | L33: =L32+K33 -> 147444000 | N33: 700 | O33: 441000 | P33: =((O33-$B$3)*12)+($B$5) -> 5292000 | Q33: =Q32+P33 -> 154824000 | S33: 700 | T33: 441000 | U33: =((T33-$B$3)*12)+($B$5) -> 5292000 | V33: =V32+U33 -> 170076000
C34: 28 | D34: 64 | E34: 2054 | F34: =(($B$4*12))+($B$5) -> 0 | G34: =G33+F34 -> 0 | I34: 950 | J34: 582000 | K34: =((J34-$B$3)*12)+($B$5) -> 6984000 | L34: =L33+K34 -> 154428000 | N34: 600 | O34: 382000 | P34: =((O34-$B$3)*12)+($B$5) -> 4584000 | Q34: =Q33+P34 -> 159408000 | S34: 600 | T34: 382000 | U34: =((T34-$B$3)*12)+($B$5) -> 4584000 | V34: =V33+U34 -> 174660000
C35: 29 | D35: 65 | E35: 2055 | F35: =(($B$4*12))+($B$5) -> 0 | G35: =G34+F35 -> 0 | I35: 1000 | J35: 608000 | K35: =((J35-$B$3)*12)+($B$5) -> 7296000 | L35: =L34+K35 -> 161724000 | N35: 600 | O35: 382000 | P35: =((O35-$B$3)*12)+($B$5) -> 4584000 | Q35: =Q34+P35 -> 163992000 | S35: 600 | T35: 382000 | U35: =((T35-$B$3)*12)+($B$5) -> 4584000 | V35: =V34+U35 -> 179244000
B36: 조기대출상환 | C36: 30 | D36: 66 | E36: 2056 | F36: =(($B$4*12))+($B$5) -> 0 | G36: =G35+F36 -> 0 | I36: 1000 | J36: 608000 | K36: =((J36-$B$3)*12)+($B$5) -> 7296000 | L36: =L35+K36 -> 169020000 | N36: 500 | O36: 319200 | P36: =((O36-$B$3)*12)+($B$5) -> 3830400 | Q36: =Q35+P36 -> 167822400 | S36: 500 | T36: 319200 | U36: =((T36-$B$3)*12)+($B$5) -> 3830400 | V36: =V35+U36 -> 183074400
C37: 31 | D37: 67 | E37: 2057 | F37: =(($B$4*12))+($B$5) -> 0 | G37: =G36+F37 -> 0 | I37: 1000 | J37: 608000 | K37: =((J37-$B$3)*12)+($B$5) -> 7296000 | L37: =L36+K37 -> 176316000 | N37: 500 | O37: 319200 | P37: =((O37-$B$3)*12)+($B$5) -> 3830400 | Q37: =Q36+P37 -> 171652800 | S37: 500 | T37: 319200 | U37: =((T37-$B$3)*12)+($B$5) -> 3830400 | V37: =V36+U37 -> 186904800
C38: 32 | D38: 68 | E38: 2058 | F38: =(($B$4*12))+($B$5) -> 0 | G38: =G37+F38 -> 0 | I38: 1000 | J38: 608000 | K38: =((J38-$B$3)*12)+($B$5) -> 7296000 | L38: =L37+K38 -> 183612000 | N38: 500 | O38: 319200 | P38: =((O38-$B$3)*12)+($B$5) -> 3830400 | Q38: =Q37+P38 -> 175483200 | S38: 500 | T38: 319200 | U38: =((T38-$B$3)*12)+($B$5) -> 3830400 | V38: =V37+U38 -> 190735200
C39: 33 | D39: 69 | E39: 2059 | F39: =(($B$4*12))+($B$5) -> 0 | G39: =G38+F39 -> 0 | I39: 1000 | J39: 608000 | K39: =((J39-$B$3)*12)+($B$5) -> 7296000 | L39: =L38+K39 -> 190908000 | N39: 500 | O39: 319200 | P39: =((O39-$B$3)*12)+($B$5) -> 3830400 | Q39: =Q38+P39 -> 179313600 | S39: 500 | T39: 319200 | U39: =((T39-$B$3)*12)+($B$5) -> 3830400 | V39: =V38+U39 -> 194565600
C40: 34 | D40: 70 | E40: 2060 | F40: =(($B$4*12))+($B$5) -> 0 | G40: =G39+F40 -> 0 | I40: 1000 | J40: 608000 | K40: =((J40-$B$3)*12)+($B$5) -> 7296000 | L40: =L39+K40 -> 198204000 | N40: 500 | O40: 319200 | P40: =((O40-$B$3)*12)+($B$5) -> 3830400 | Q40: =Q39+P40 -> 183144000 | S40: 500 | T40: 319200 | U40: =((T40-$B$3)*12)+($B$5) -> 3830400 | V40: =V39+U40 -> 198396000
B41: 대출상환 | C41: 35 | D41: 71 | E41: 2061 | F41: =(($B$4*12))+($B$5) -> 0 | G41: =G40+F41 -> 0 | I41: 1000 | J41: 608000 | K41: =((J41-$B$3)*12)+($B$5) -> 7296000 | L41: =L40+K41 -> 205500000 | N41: 500 | O41: 319200 | P41: =((O41-$B$3)*12)+($B$5) -> 3830400 | Q41: =Q40+P41 -> 186974400 | S41: 500 | T41: 319200 | U41: =((T41-$B$3)*12)+($B$5) -> 3830400 | V41: =V40+U41 -> 202226400
C42: 36 | D42: 72 | E42: 2062 | F42: =(($B$4*12))+($B$5) -> 0 | G42: =G41+F42 -> 0 | I42: 1000 | J42: 608000 | K42: =((J42-$B$3)*12)+($B$5) -> 7296000 | L42: =L41+K42 -> 212796000 | N42: 500 | O42: 319200 | P42: =((O42-$B$3)*12)+($B$5) -> 3830400 | Q42: =Q41+P42 -> 190804800 | S42: 500 | T42: 319200 | U42: =((T42-$B$3)*12)+($B$5) -> 3830400 | V42: =V41+U42 -> 206056800
C43: 37 | D43: 73 | E43: 2063 | F43: =(($B$4*12))+($B$5) -> 0 | G43: =G42+F43 -> 0 | I43: 1000 | J43: 608000 | K43: =((J43-$B$3)*12)+($B$5) -> 7296000 | L43: =L42+K43 -> 220092000 | N43: 500 | O43: 319200 | P43: =((O43-$B$3)*12)+($B$5) -> 3830400 | Q43: =Q42+P43 -> 194635200 | S43: 500 | T43: 319200 | U43: =((T43-$B$3)*12)+($B$5) -> 3830400 | V43: =V42+U43 -> 209887200
C44: 38 | D44: 74 | E44: 2064 | F44: =(($B$4*12))+($B$5) -> 0 | G44: =G43+F44 -> 0 | I44: 1000 | J44: 608000 | K44: =((J44-$B$3)*12)+($B$5) -> 7296000 | L44: =L43+K44 -> 227388000 | N44: 500 | O44: 319200 | P44: =((O44-$B$3)*12)+($B$5) -> 3830400 | Q44: =Q43+P44 -> 198465600 | S44: 500 | T44: 319200 | U44: =((T44-$B$3)*12)+($B$5) -> 3830400 | V44: =V43+U44 -> 213717600
C45: 39 | D45: 75 | E45: 2065 | F45: =(($B$4*12))+($B$5) -> 0 | G45: =G44+F45 -> 0 | I45: 1000 | J45: 608000 | K45: =((J45-$B$3)*12)+($B$5) -> 7296000 | L45: =L44+K45 -> 234684000 | N45: 500 | O45: 319200 | P45: =((O45-$B$3)*12)+($B$5) -> 3830400 | Q45: =Q44+P45 -> 202296000 | S45: 500 | T45: 319200 | U45: =((T45-$B$3)*12)+($B$5) -> 3830400 | V45: =V44+U45 -> 217548000
C46: 40 | D46: 76 | E46: 2066 | F46: =(($B$4*12))+($B$5) -> 0 | G46: =G45+F46 -> 0 | I46: 1000 | J46: 608000 | K46: =((J46-$B$3)*12)+($B$5) -> 7296000 | L46: =L45+K46 -> 241980000 | N46: 500 | O46: 319200 | P46: =((O46-$B$3)*12)+($B$5) -> 3830400 | Q46: =Q45+P46 -> 206126400 | S46: 500 | T46: 319200 | U46: =((T46-$B$3)*12)+($B$5) -> 3830400 | V46: =V45+U46 -> 221378400
C47: 41 | D47: 77 | E47: 2067 | F47: =(($B$4*12))+($B$5) -> 0 | G47: =G46+F47 -> 0 | I47: 1000 | J47: 608000 | K47: =((J47-$B$3)*12)+($B$5) -> 7296000 | L47: =L46+K47 -> 249276000 | N47: 500 | O47: 319200 | P47: =((O47-$B$3)*12)+($B$5) -> 3830400 | Q47: =Q46+P47 -> 209956800 | S47: 500 | T47: 319200 | U47: =((T47-$B$3)*12)+($B$5) -> 3830400 | V47: =V46+U47 -> 225208800
C48: 42 | D48: 78 | E48: 2068 | F48: =(($B$4*12))+($B$5) -> 0 | G48: =G47+F48 -> 0 | I48: 1000 | J48: 608000 | K48: =((J48-$B$3)*12)+($B$5) -> 7296000 | L48: =L47+K48 -> 256572000 | N48: 500 | O48: 319200 | P48: =((O48-$B$3)*12)+($B$5) -> 3830400 | Q48: =Q47+P48 -> 213787200 | S48: 500 | T48: 319200 | U48: =((T48-$B$3)*12)+($B$5) -> 3830400 | V48: =V47+U48 -> 229039200
C49: 43 | D49: 79 | E49: 2069 | F49: =(($B$4*12))+($B$5) -> 0 | G49: =G48+F49 -> 0 | I49: 1000 | J49: 608000 | K49: =((J49-$B$3)*12)+($B$5) -> 7296000 | L49: =L48+K49 -> 263868000 | N49: 500 | O49: 319200 | P49: =((O49-$B$3)*12)+($B$5) -> 3830400 | Q49: =Q48+P49 -> 217617600 | S49: 500 | T49: 319200 | U49: =((T49-$B$3)*12)+($B$5) -> 3830400 | V49: =V48+U49 -> 232869600
C50: 44 | D50: 80 | E50: 2070 | F50: =(($B$4*12))+($B$5) -> 0 | G50: =G49+F50 -> 0 | I50: 1000 | J50: 608000 | K50: =((J50-$B$3)*12)+($B$5) -> 7296000 | L50: =L49+K50 -> 271164000 | N50: 500 | O50: 319200 | P50: =((O50-$B$3)*12)+($B$5) -> 3830400 | Q50: =Q49+P50 -> 221448000 | S50: 500 | T50: 319200 | U50: =((T50-$B$3)*12)+($B$5) -> 3830400 | V50: =V49+U50 -> 236700000
C51: 45 | D51: 81 | E51: 2071 | F51: =(($B$4*12))+($B$5) -> 0 | G51: =G50+F51 -> 0 | I51: 1000 | J51: 608000 | K51: =((J51-$B$3)*12)+($B$5) -> 7296000 | L51: =L50+K51 -> 278460000 | N51: 500 | O51: 319200 | P51: =((O51-$B$3)*12)+($B$5) -> 3830400 | Q51: =Q50+P51 -> 225278400 | S51: 500 | T51: 319200 | U51: =((T51-$B$3)*12)+($B$5) -> 3830400 | V51: =V50+U51 -> 240530400

Sheet 2026년달력
A1: 2026 | B1: 오늘 | H1: 예상수입 | I1: 0 | O1: 月 | P1: 1 | Q1: 2 | R1: 3 | S1: 4 | T1: 5 | U1: 6 | V1: 7 | W1: 8 | X1: 9 | Y1: 10 | Z1: 11 | AA1: 12
B2: =TODAY() -> 46168 | O2: =참조!$D$2 -> 休 | P2: =COUNTIFS($B$7:$B$371,">="&DATE($A$1,P$1,1),$B$7:$B$371,"<"&DATE($A$1,P$1+1,1),$G$7:$G$371,참조!$D$2) -> 12 | Q2: =COUNTIFS($B$7:$B$371,">="&DATE($A$1,Q$1,1),$B$7:$B$371,"<"&DATE($A$1,Q$1+1,1),$G$7:$G$371,참조!$D$2) -> 10 | R2: =COUNTIFS($B$7:$B$371,">="&DATE($A$1,R$1,1),$B$7:$B$371,"<"&DATE($A$1,R$1+1,1),$G$7:$G$371,참조!$D$2) -> 10 | S2: =COUNTIFS($B$7:$B$371,">="&DATE($A$1,S$1,1),$B$7:$B$371,"<"&DATE($A$1,S$1+1,1),$G$7:$G$371,참조!$D$2) -> 9 | T2: =COUNTIFS($B$7:$B$371,">="&DATE($A$1,T$1,1),$B$7:$B$371,"<"&DATE($A$1,T$1+1,1),$G$7:$G$371,참조!$D$2) -> 13 | U2: =COUNTIFS($B$7:$B$371,">="&DATE($A$1,U$1,1),$B$7:$B$371,"<"&DATE($A$1,U$1+1,1),$G$7:$G$371,참조!$D$2) -> 8 | V2: =COUNTIFS($B$7:$B$371,">="&DATE($A$1,V$1,1),$B$7:$B$371,"<"&DATE($A$1,V$1+1,1),$G$7:$G$371,참조!$D$2) -> 9 | W2: =COUNTIFS($B$7:$B$371,">="&DATE($A$1,W$1,1),$B$7:$B$371,"<"&DATE($A$1,W$1+1,1),$G$7:$G$371,참조!$D$2) -> 11 | ... AA2: =COUNTIFS($B$7:$B$371,">="&DATE($A$1,AA$1,1),$B$7:$B$371,"<"&DATE($A$1,AA$1+1,1),$G$7:$G$371,참조!$D$2) -> 12
O3: =참조!$D$3 -> 勤 | P3: =COUNTIFS($B$7:$B$371,">="&DATE($A$1,P$1,1),$B$7:$B$371,"<"&DATE($A$1,P$1+1,1),$G$7:$G$371,참조!$D$3) -> 19 | Q3: =COUNTIFS($B$7:$B$371,">="&DATE($A$1,Q$1,1),$B$7:$B$371,"<"&DATE($A$1,Q$1+1,1),$G$7:$G$371,참조!$D$3) -> 18 | R3: =COUNTIFS($B$7:$B$371,">="&DATE($A$1,R$1,1),$B$7:$B$371,"<"&DATE($A$1,R$1+1,1),$G$7:$G$371,참조!$D$3) -> 21 | S3: =COUNTIFS($B$7:$B$371,">="&DATE($A$1,S$1,1),$B$7:$B$371,"<"&DATE($A$1,S$1+1,1),$G$7:$G$371,참조!$D$3) -> 21 | T3: =COUNTIFS($B$7:$B$371,">="&DATE($A$1,T$1,1),$B$7:$B$371,"<"&DATE($A$1,T$1+1,1),$G$7:$G$371,참조!$D$3) -> 18 | U3: =COUNTIFS($B$7:$B$371,">="&DATE($A$1,U$1,1),$B$7:$B$371,"<"&DATE($A$1,U$1+1,1),$G$7:$G$371,참조!$D$3) -> 22 | V3: =COUNTIFS($B$7:$B$371,">="&DATE($A$1,V$1,1),$B$7:$B$371,"<"&DATE($A$1,V$1+1,1),$G$7:$G$371,참조!$D$3) -> 22 | W3: =COUNTIFS($B$7:$B$371,">="&DATE($A$1,W$1,1),$B$7:$B$371,"<"&DATE($A$1,W$1+1,1),$G$7:$G$371,참조!$D$3) -> 20 | ... AA3: =COUNTIFS($B$7:$B$371,">="&DATE($A$1,AA$1,1),$B$7:$B$371,"<"&DATE($A$1,AA$1+1,1),$G$7:$G$371,참조!$D$3) -> 19
O4: 지출 | P4: =SUMIFS($L$7:$L$371,$B$7:$B$371,">="&DATE($A$1,P$1,1),$B$7:$B$371,"<"&DATE($A$1,P$1+1,1)) -> 0 | Q4: =SUMIFS($L$7:$L$371,$B$7:$B$371,">="&DATE($A$1,Q$1,1),$B$7:$B$371,"<"&DATE($A$1,Q$1+1,1)) -> 0 | R4: =SUMIFS($L$7:$L$371,$B$7:$B$371,">="&DATE($A$1,R$1,1),$B$7:$B$371,"<"&DATE($A$1,R$1+1,1)) -> 0 | S4: =SUMIFS($L$7:$L$371,$B$7:$B$371,">="&DATE($A$1,S$1,1),$B$7:$B$371,"<"&DATE($A$1,S$1+1,1)) -> 0 | T4: =SUMIFS($L$7:$L$371,$B$7:$B$371,">="&DATE($A$1,T$1,1),$B$7:$B$371,"<"&DATE($A$1,T$1+1,1)) -> 13000 | U4: =SUMIFS($L$7:$L$371,$B$7:$B$371,">="&DATE($A$1,U$1,1),$B$7:$B$371,"<"&DATE($A$1,U$1+1,1)) -> 62000 | V4: =SUMIFS($L$7:$L$371,$B$7:$B$371,">="&DATE($A$1,V$1,1),$B$7:$B$371,"<"&DATE($A$1,V$1+1,1)) -> 67000 | W4: =SUMIFS($L$7:$L$371,$B$7:$B$371,">="&DATE($A$1,W$1,1),$B$7:$B$371,"<"&DATE($A$1,W$1+1,1)) -> 75000 | ... AA4: =SUMIFS($L$7:$L$371,$B$7:$B$371,">="&DATE($A$1,AA$1,1),$B$7:$B$371,"<"&DATE($A$1,AA$1+1,1)) -> 79000 | AB4: =SUM(P4:Z4) -> 436000
O5: 수입 | P5: =$I$1-P$4 -> 0 | Q5: =$I$1-Q$4 -> 0 | R5: =$I$1-R$4 -> 0 | S5: =$I$1-S$4 -> 0 | T5: =$I$1-T$4 -> -13000 | U5: =$I$1-U$4 -> -62000 | V5: =$I$1-V$4 -> -67000 | W5: =$I$1-W$4 -> -75000 | ... AA5: =$I$1-AA$4 -> -79000 | AB5: =SUM(P5:AA5) -> -515000
B6: 날짜 | C6: 월 | D6: 일 | E6: 요일(수) | F6: 요일 | H6: 예상지출 | I6: 실지출 | J6: 실수입 | K6: 지출차액(지출-수입) | L6: 계산지출 | M6: 예상외수익(예상지출-지출차액)
B7: =DATE($A$1,C7,D7) -> 46023 | C7: 1 | D7: 1 | E7: =WEEKDAY(B7) -> 5 | F7: =IF($E7=참조!$B$2,참조!$C$2,IF($E7=참조!$B$3,참조!$C$3,IF($E7=참조!$B$4,참조!$C$4,IF($E7=참조!$B$5,참조!$C$5,IF($E7=참조!$B$6,참조!$C$6,IF($E7=참조!$B$7,참조!$C$7,IF($E7=참조!$B$8,참조!$C$8,""))))))) -> 木 | G7: =IF($F7=참조!$C$2,참조!$D$2,IF($F7=참조!$C$8,참조!$D$2,IF(COUNTIF('2026년휴일'!$B:$B,$B7)>0,참조!$D$2,참조!$D$3))) -> 休 | H7: =IF($G7=참조!$D$3,참조!$E$3,참조!$E$2) -> 5000 | I7: =SUMIFS(지출기록_1월!$H$3:$H$312,지출기록_1월!$E$3:$E$312,B7,지출기록_1월!$F$3:$F$312,참조!$F$2) -> 0 | J7: =SUMIFS(지출기록_1월!$H$3:$H$312,지출기록_1월!$E$3:$E$312,B7,지출기록_1월!$F$3:$F$312,참조!$F$3) -> 0 | K7: =I7-J7 -> 0 | L7: =IF(B7>$B$2,H7,K7) -> 0 | M7: =$H7-$K7 -> 5000
B8: =DATE($A$1,C8,D8) -> 46024 | C8: 1 | D8: 2 | E8: =WEEKDAY(B8) -> 6 | F8: =IF($E8=참조!$B$2,참조!$C$2,IF($E8=참조!$B$3,참조!$C$3,IF($E8=참조!$B$4,참조!$C$4,IF($E8=참조!$B$5,참조!$C$5,IF($E8=참조!$B$6,참조!$C$6,IF($E8=참조!$B$7,참조!$C$7,IF($E8=참조!$B$8,참조!$C$8,""))))))) -> 金 | G8: =IF($F8=참조!$C$2,참조!$D$2,IF($F8=참조!$C$8,참조!$D$2,IF(COUNTIF('2026년휴일'!$B:$B,$B8)>0,참조!$D$2,참조!$D$3))) -> 休 | H8: =IF($G8=참조!$D$3,참조!$E$3,참조!$E$2) -> 5000 | I8: =SUMIFS(지출기록_1월!$H$3:$H$312,지출기록_1월!$E$3:$E$312,B8,지출기록_1월!$F$3:$F$312,참조!$F$2) -> 0 | J8: =SUMIFS(지출기록_1월!$H$3:$H$312,지출기록_1월!$E$3:$E$312,B8,지출기록_1월!$F$3:$F$312,참조!$F$3) -> 0 | K8: =I8-J8 -> 0 | L8: =IF(B8>$B$2,H8,K8) -> 0 | M8: =$H8-$K8 -> 5000
B9: =DATE($A$1,C9,D9) -> 46025 | C9: 1 | D9: 3 | E9: =WEEKDAY(B9) -> 7 | F9: =IF($E9=참조!$B$2,참조!$C$2,IF($E9=참조!$B$3,참조!$C$3,IF($E9=참조!$B$4,참조!$C$4,IF($E9=참조!$B$5,참조!$C$5,IF($E9=참조!$B$6,참조!$C$6,IF($E9=참조!$B$7,참조!$C$7,IF($E9=참조!$B$8,참조!$C$8,""))))))) -> 土 | G9: =IF($F9=참조!$C$2,참조!$D$2,IF($F9=참조!$C$8,참조!$D$2,IF(COUNTIF('2026년휴일'!$B:$B,$B9)>0,참조!$D$2,참조!$D$3))) -> 休 | H9: =IF($G9=참조!$D$3,참조!$E$3,참조!$E$2) -> 5000 | I9: =SUMIFS(지출기록_1월!$H$3:$H$312,지출기록_1월!$E$3:$E$312,B9,지출기록_1월!$F$3:$F$312,참조!$F$2) -> 0 | J9: =SUMIFS(지출기록_1월!$H$3:$H$312,지출기록_1월!$E$3:$E$312,B9,지출기록_1월!$F$3:$F$312,참조!$F$3) -> 0 | K9: =I9-J9 -> 0 | L9: =IF(B9>$B$2,H9,K9) -> 0 | M9: =$H9-$K9 -> 5000
B10: =DATE($A$1,C10,D10) -> 46026 | C10: 1 | D10: 4 | E10: =WEEKDAY(B10) -> 1 | F10: =IF($E10=참조!$B$2,참조!$C$2,IF($E10=참조!$B$3,참조!$C$3,IF($E10=참조!$B$4,참조!$C$4,IF($E10=참조!$B$5,참조!$C$5,IF($E10=참조!$B$6,참조!$C$6,IF($E10=참조!$B$7,참조!$C$7,IF($E10=참조!$B$8,참조!$C$8,""))))))) -> 日 | G10: =IF($F10=참조!$C$2,참조!$D$2,IF($F10=참조!$C$8,참조!$D$2,IF(COUNTIF('2026년휴일'!$B:$B,$B10)>0,참조!$D$2,참조!$D$3))) -> 休 | H10: =IF($G10=참조!$D$3,참조!$E$3,참조!$E$2) -> 5000 | I10: =SUMIFS(지출기록_1월!$H$3:$H$312,지출기록_1월!$E$3:$E$312,B10,지출기록_1월!$F$3:$F$312,참조!$F$2) -> 0 | J10: =SUMIFS(지출기록_1월!$H$3:$H$312,지출기록_1월!$E$3:$E$312,B10,지출기록_1월!$F$3:$F$312,참조!$F$3) -> 0 | K10: =I10-J10 -> 0 | L10: =IF(B10>$B$2,H10,K10) -> 0 | M10: =$H10-$K10 -> 5000
B11: =DATE($A$1,C11,D11) -> 46027 | C11: 1 | D11: 5 | E11: =WEEKDAY(B11) -> 2 | F11: =IF($E11=참조!$B$2,참조!$C$2,IF($E11=참조!$B$3,참조!$C$3,IF($E11=참조!$B$4,참조!$C$4,IF($E11=참조!$B$5,참조!$C$5,IF($E11=참조!$B$6,참조!$C$6,IF($E11=참조!$B$7,참조!$C$7,IF($E11=참조!$B$8,참조!$C$8,""))))))) -> 月 | G11: =IF($F11=참조!$C$2,참조!$D$2,IF($F11=참조!$C$8,참조!$D$2,IF(COUNTIF('2026년휴일'!$B:$B,$B11)>0,참조!$D$2,참조!$D$3))) -> 勤 | H11: =IF($G11=참조!$D$3,참조!$E$3,참조!$E$2) -> 1000 | I11: =SUMIFS(지출기록_1월!$H$3:$H$312,지출기록_1월!$E$3:$E$312,B11,지출기록_1월!$F$3:$F$312,참조!$F$2) -> 0 | J11: =SUMIFS(지출기록_1월!$H$3:$H$312,지출기록_1월!$E$3:$E$312,B11,지출기록_1월!$F$3:$F$312,참조!$F$3) -> 0 | K11: =I11-J11 -> 0 | L11: =IF(B11>$B$2,H11,K11) -> 0 | M11: =$H11-$K11 -> 1000
B12: =DATE($A$1,C12,D12) -> 46028 | C12: 1 | D12: 6 | E12: =WEEKDAY(B12) -> 3 | F12: =IF($E12=참조!$B$2,참조!$C$2,IF($E12=참조!$B$3,참조!$C$3,IF($E12=참조!$B$4,참조!$C$4,IF($E12=참조!$B$5,참조!$C$5,IF($E12=참조!$B$6,참조!$C$6,IF($E12=참조!$B$7,참조!$C$7,IF($E12=참조!$B$8,참조!$C$8,""))))))) -> 火 | G12: =IF($F12=참조!$C$2,참조!$D$2,IF($F12=참조!$C$8,참조!$D$2,IF(COUNTIF('2026년휴일'!$B:$B,$B12)>0,참조!$D$2,참조!$D$3))) -> 勤 | H12: =IF($G12=참조!$D$3,참조!$E$3,참조!$E$2) -> 1000 | I12: =SUMIFS(지출기록_1월!$H$3:$H$312,지출기록_1월!$E$3:$E$312,B12,지출기록_1월!$F$3:$F$312,참조!$F$2) -> 0 | J12: =SUMIFS(지출기록_1월!$H$3:$H$312,지출기록_1월!$E$3:$E$312,B12,지출기록_1월!$F$3:$F$312,참조!$F$3) -> 0 | K12: =I12-J12 -> 0 | L12: =IF(B12>$B$2,H12,K12) -> 0 | M12: =$H12-$K12 -> 1000
B13: =DATE($A$1,C13,D13) -> 46029 | C13: 1 | D13: 7 | E13: =WEEKDAY(B13) -> 4 | F13: =IF($E13=참조!$B$2,참조!$C$2,IF($E13=참조!$B$3,참조!$C$3,IF($E13=참조!$B$4,참조!$C$4,IF($E13=참조!$B$5,참조!$C$5,IF($E13=참조!$B$6,참조!$C$6,IF($E13=참조!$B$7,참조!$C$7,IF($E13=참조!$B$8,참조!$C$8,""))))))) -> 水 | G13: =IF($F13=참조!$C$2,참조!$D$2,IF($F13=참조!$C$8,참조!$D$2,IF(COUNTIF('2026년휴일'!$B:$B,$B13)>0,참조!$D$2,참조!$D$3))) -> 勤 | H13: =IF($G13=참조!$D$3,참조!$E$3,참조!$E$2) -> 1000 | I13: =SUMIFS(지출기록_1월!$H$3:$H$312,지출기록_1월!$E$3:$E$312,B13,지출기록_1월!$F$3:$F$312,참조!$F$2) -> 0 | J13: =SUMIFS(지출기록_1월!$H$3:$H$312,지출기록_1월!$E$3:$E$312,B13,지출기록_1월!$F$3:$F$312,참조!$F$3) -> 0 | K13: =I13-J13 -> 0 | L13: =IF(B13>$B$2,H13,K13) -> 0 | M13: =$H13-$K13 -> 1000
B14: =DATE($A$1,C14,D14) -> 46030 | C14: 1 | D14: 8 | E14: =WEEKDAY(B14) -> 5 | F14: =IF($E14=참조!$B$2,참조!$C$2,IF($E14=참조!$B$3,참조!$C$3,IF($E14=참조!$B$4,참조!$C$4,IF($E14=참조!$B$5,참조!$C$5,IF($E14=참조!$B$6,참조!$C$6,IF($E14=참조!$B$7,참조!$C$7,IF($E14=참조!$B$8,참조!$C$8,""))))))) -> 木 | G14: =IF($F14=참조!$C$2,참조!$D$2,IF($F14=참조!$C$8,참조!$D$2,IF(COUNTIF('2026년휴일'!$B:$B,$B14)>0,참조!$D$2,참조!$D$3))) -> 勤 | H14: =IF($G14=참조!$D$3,참조!$E$3,참조!$E$2) -> 1000 | I14: =SUMIFS(지출기록_1월!$H$3:$H$312,지출기록_1월!$E$3:$E$312,B14,지출기록_1월!$F$3:$F$312,참조!$F$2) -> 0 | J14: =SUMIFS(지출기록_1월!$H$3:$H$312,지출기록_1월!$E$3:$E$312,B14,지출기록_1월!$F$3:$F$312,참조!$F$3) -> 0 | K14: =I14-J14 -> 0 | L14: =IF(B14>$B$2,H14,K14) -> 0 | M14: =$H14-$K14 -> 1000
B15: =DATE($A$1,C15,D15) -> 46031 | C15: 1 | D15: 9 | E15: =WEEKDAY(B15) -> 6 | F15: =IF($E15=참조!$B$2,참조!$C$2,IF($E15=참조!$B$3,참조!$C$3,IF($E15=참조!$B$4,참조!$C$4,IF($E15=참조!$B$5,참조!$C$5,IF($E15=참조!$B$6,참조!$C$6,IF($E15=참조!$B$7,참조!$C$7,IF($E15=참조!$B$8,참조!$C$8,""))))))) -> 金 | G15: =IF($F15=참조!$C$2,참조!$D$2,IF($F15=참조!$C$8,참조!$D$2,IF(COUNTIF('2026년휴일'!$B:$B,$B15)>0,참조!$D$2,참조!$D$3))) -> 勤 | H15: =IF($G15=참조!$D$3,참조!$E$3,참조!$E$2) -> 1000 | I15: =SUMIFS(지출기록_1월!$H$3:$H$312,지출기록_1월!$E$3:$E$312,B15,지출기록_1월!$F$3:$F$312,참조!$F$2) -> 0 | J15: =SUMIFS(지출기록_1월!$H$3:$H$312,지출기록_1월!$E$3:$E$312,B15,지출기록_1월!$F$3:$F$312,참조!$F$3) -> 0 | K15: =I15-J15 -> 0 | L15: =IF(B15>$B$2,H15,K15) -> 0 | M15: =$H15-$K15 -> 1000
B16: =DATE($A$1,C16,D16) -> 46032 | C16: 1 | D16: 10 | E16: =WEEKDAY(B16) -> 7 | F16: =IF($E16=참조!$B$2,참조!$C$2,IF($E16=참조!$B$3,참조!$C$3,IF($E16=참조!$B$4,참조!$C$4,IF($E16=참조!$B$5,참조!$C$5,IF($E16=참조!$B$6,참조!$C$6,IF($E16=참조!$B$7,참조!$C$7,IF($E16=참조!$B$8,참조!$C$8,""))))))) -> 土 | G16: =IF($F16=참조!$C$2,참조!$D$2,IF($F16=참조!$C$8,참조!$D$2,IF(COUNTIF('2026년휴일'!$B:$B,$B16)>0,참조!$D$2,참조!$D$3))) -> 休 | H16: =IF($G16=참조!$D$3,참조!$E$3,참조!$E$2) -> 5000 | I16: =SUMIFS(지출기록_1월!$H$3:$H$312,지출기록_1월!$E$3:$E$312,B16,지출기록_1월!$F$3:$F$312,참조!$F$2) -> 0 | J16: =SUMIFS(지출기록_1월!$H$3:$H$312,지출기록_1월!$E$3:$E$312,B16,지출기록_1월!$F$3:$F$312,참조!$F$3) -> 0 | K16: =I16-J16 -> 0 | L16: =IF(B16>$B$2,H16,K16) -> 0 | M16: =$H16-$K16 -> 5000
B17: =DATE($A$1,C17,D17) -> 46033 | C17: 1 | D17: 11 | E17: =WEEKDAY(B17) -> 1 | F17: =IF($E17=참조!$B$2,참조!$C$2,IF($E17=참조!$B$3,참조!$C$3,IF($E17=참조!$B$4,참조!$C$4,IF($E17=참조!$B$5,참조!$C$5,IF($E17=참조!$B$6,참조!$C$6,IF($E17=참조!$B$7,참조!$C$7,IF($E17=참조!$B$8,참조!$C$8,""))))))) -> 日 | G17: =IF($F17=참조!$C$2,참조!$D$2,IF($F17=참조!$C$8,참조!$D$2,IF(COUNTIF('2026년휴일'!$B:$B,$B17)>0,참조!$D$2,참조!$D$3))) -> 休 | H17: =IF($G17=참조!$D$3,참조!$E$3,참조!$E$2) -> 5000 | I17: =SUMIFS(지출기록_1월!$H$3:$H$312,지출기록_1월!$E$3:$E$312,B17,지출기록_1월!$F$3:$F$312,참조!$F$2) -> 0 | J17: =SUMIFS(지출기록_1월!$H$3:$H$312,지출기록_1월!$E$3:$E$312,B17,지출기록_1월!$F$3:$F$312,참조!$F$3) -> 0 | K17: =I17-J17 -> 0 | L17: =IF(B17>$B$2,H17,K17) -> 0 | M17: =$H17-$K17 -> 5000
B18: =DATE($A$1,C18,D18) -> 46034 | C18: 1 | D18: 12 | E18: =WEEKDAY(B18) -> 2 | F18: =IF($E18=참조!$B$2,참조!$C$2,IF($E18=참조!$B$3,참조!$C$3,IF($E18=참조!$B$4,참조!$C$4,IF($E18=참조!$B$5,참조!$C$5,IF($E18=참조!$B$6,참조!$C$6,IF($E18=참조!$B$7,참조!$C$7,IF($E18=참조!$B$8,참조!$C$8,""))))))) -> 月 | G18: =IF($F18=참조!$C$2,참조!$D$2,IF($F18=참조!$C$8,참조!$D$2,IF(COUNTIF('2026년휴일'!$B:$B,$B18)>0,참조!$D$2,참조!$D$3))) -> 休 | H18: =IF($G18=참조!$D$3,참조!$E$3,참조!$E$2) -> 5000 | I18: =SUMIFS(지출기록_1월!$H$3:$H$312,지출기록_1월!$E$3:$E$312,B18,지출기록_1월!$F$3:$F$312,참조!$F$2) -> 0 | J18: =SUMIFS(지출기록_1월!$H$3:$H$312,지출기록_1월!$E$3:$E$312,B18,지출기록_1월!$F$3:$F$312,참조!$F$3) -> 0 | K18: =I18-J18 -> 0 | L18: =IF(B18>$B$2,H18,K18) -> 0 | M18: =$H18-$K18 -> 5000
... B37: =DATE($A$1,C37,D37) -> 46053 | C37: 1 | D37: 31 | E37: =WEEKDAY(B37) -> 7 | F37: =IF($E37=참조!$B$2,참조!$C$2,IF($E37=참조!$B$3,참조!$C$3,IF($E37=참조!$B$4,참조!$C$4,IF($E37=참조!$B$5,참조!$C$5,IF($E37=참조!$B$6,참조!$C$6,IF($E37=참조!$B$7,참조!$C$7,IF($E37=참조!$B$8,참조!$C$8,""))))))) -> 土 | G37: =IF($F37=참조!$C$2,참조!$D$2,IF($F37=참조!$C$8,참조!$D$2,IF(COUNTIF('2026년휴일'!$B:$B,$B37)>0,참조!$D$2,참조!$D$3))) -> 休 | H37: =IF($G37=참조!$D$3,참조!$E$3,참조!$E$2) -> 5000 | I37: =SUMIFS(지출기록_1월!$H$3:$H$312,지출기록_1월!$E$3:$E$312,B37,지출기록_1월!$F$3:$F$312,참조!$F$2) -> 0 | J37: =SUMIFS(지출기록_1월!$H$3:$H$312,지출기록_1월!$E$3:$E$312,B37,지출기록_1월!$F$3:$F$312,참조!$F$3) -> 0 | K37: =I37-J37 -> 0 | L37: =IF(B37>$B$2,H37,K37) -> 0 | M37: =$H37-$K37 -> 5000
B38: =DATE($A$1,C38,D38) -> 46054 | C38: 2 | D38: 1 | E38: =WEEKDAY(B38) -> 1 | F38: =IF($E38=참조!$B$2,참조!$C$2,IF($E38=참조!$B$3,참조!$C$3,IF($E38=참조!$B$4,참조!$C$4,IF($E38=참조!$B$5,참조!$C$5,IF($E38=참조!$B$6,참조!$C$6,IF($E38=참조!$B$7,참조!$C$7,IF($E38=참조!$B$8,참조!$C$8,""))))))) -> 日 | G38: =IF($F38=참조!$C$2,참조!$D$2,IF($F38=참조!$C$8,참조!$D$2,IF(COUNTIF('2026년휴일'!$B:$B,$B38)>0,참조!$D$2,참조!$D$3))) -> 休 | H38: =IF($G38=참조!$D$3,참조!$E$3,참조!$E$2) -> 5000 | I38: =SUMIFS(지출기록_2월!$H$3:$H$312,지출기록_2월!$E$3:$E$312,B38,지출기록_2월!$F$3:$F$312,참조!$F$2) -> 0 | J38: =SUMIFS(지출기록_2월!$H$3:$H$312,지출기록_2월!$E$3:$E$312,B38,지출기록_2월!$F$3:$F$312,참조!$F$3) -> 0 | K38: =I38-J38 -> 0 | L38: =IF(B38>$B$2,H38,K38) -> 0 | M38: =$H38-$K38 -> 5000
B39: =DATE($A$1,C39,D39) -> 46055 | C39: 2 | D39: 2 | E39: =WEEKDAY(B39) -> 2 | F39: =IF($E39=참조!$B$2,참조!$C$2,IF($E39=참조!$B$3,참조!$C$3,IF($E39=참조!$B$4,참조!$C$4,IF($E39=참조!$B$5,참조!$C$5,IF($E39=참조!$B$6,참조!$C$6,IF($E39=참조!$B$7,참조!$C$7,IF($E39=참조!$B$8,참조!$C$8,""))))))) -> 月 | G39: =IF($F39=참조!$C$2,참조!$D$2,IF($F39=참조!$C$8,참조!$D$2,IF(COUNTIF('2026년휴일'!$B:$B,$B39)>0,참조!$D$2,참조!$D$3))) -> 勤 | H39: =IF($G39=참조!$D$3,참조!$E$3,참조!$E$2) -> 1000 | I39: =SUMIFS(지출기록_2월!$H$3:$H$312,지출기록_2월!$E$3:$E$312,B39,지출기록_2월!$F$3:$F$312,참조!$F$2) -> 0 | J39: =SUMIFS(지출기록_2월!$H$3:$H$312,지출기록_2월!$E$3:$E$312,B39,지출기록_2월!$F$3:$F$312,참조!$F$3) -> 0 | K39: =I39-J39 -> 0 | L39: =IF(B39>$B$2,H39,K39) -> 0 | M39: =$H39-$K39 -> 1000
B40: =DATE($A$1,C40,D40) -> 46056 | C40: 2 | D40: 3 | E40: =WEEKDAY(B40) -> 3 | F40: =IF($E40=참조!$B$2,참조!$C$2,IF($E40=참조!$B$3,참조!$C$3,IF($E40=참조!$B$4,참조!$C$4,IF($E40=참조!$B$5,참조!$C$5,IF($E40=참조!$B$6,참조!$C$6,IF($E40=참조!$B$7,참조!$C$7,IF($E40=참조!$B$8,참조!$C$8,""))))))) -> 火 | G40: =IF($F40=참조!$C$2,참조!$D$2,IF($F40=참조!$C$8,참조!$D$2,IF(COUNTIF('2026년휴일'!$B:$B,$B40)>0,참조!$D$2,참조!$D$3))) -> 勤 | H40: =IF($G40=참조!$D$3,참조!$E$3,참조!$E$2) -> 1000 | I40: =SUMIFS(지출기록_2월!$H$3:$H$312,지출기록_2월!$E$3:$E$312,B40,지출기록_2월!$F$3:$F$312,참조!$F$2) -> 0 | J40: =SUMIFS(지출기록_2월!$H$3:$H$312,지출기록_2월!$E$3:$E$312,B40,지출기록_2월!$F$3:$F$312,참조!$F$3) -> 0 | K40: =I40-J40 -> 0 | L40: =IF(B40>$B$2,H40,K40) -> 0 | M40: =$H40-$K40 -> 1000
B41: =DATE($A$1,C41,D41) -> 46057 | C41: 2 | D41: 4 | E41: =WEEKDAY(B41) -> 4 | F41: =IF($E41=참조!$B$2,참조!$C$2,IF($E41=참조!$B$3,참조!$C$3,IF($E41=참조!$B$4,참조!$C$4,IF($E41=참조!$B$5,참조!$C$5,IF($E41=참조!$B$6,참조!$C$6,IF($E41=참조!$B$7,참조!$C$7,IF($E41=참조!$B$8,참조!$C$8,""))))))) -> 水 | G41: =IF($F41=참조!$C$2,참조!$D$2,IF($F41=참조!$C$8,참조!$D$2,IF(COUNTIF('2026년휴일'!$B:$B,$B41)>0,참조!$D$2,참조!$D$3))) -> 勤 | H41: =IF($G41=참조!$D$3,참조!$E$3,참조!$E$2) -> 1000 | I41: =SUMIFS(지출기록_2월!$H$3:$H$312,지출기록_2월!$E$3:$E$312,B41,지출기록_2월!$F$3:$F$312,참조!$F$2) -> 0 | J41: =SUMIFS(지출기록_2월!$H$3:$H$312,지출기록_2월!$E$3:$E$312,B41,지출기록_2월!$F$3:$F$312,참조!$F$3) -> 0 | K41: =I41-J41 -> 0 | L41: =IF(B41>$B$2,H41,K41) -> 0 | M41: =$H41-$K41 -> 1000
B42: =DATE($A$1,C42,D42) -> 46058 | C42: 2 | D42: 5 | E42: =WEEKDAY(B42) -> 5 | F42: =IF($E42=참조!$B$2,참조!$C$2,IF($E42=참조!$B$3,참조!$C$3,IF($E42=참조!$B$4,참조!$C$4,IF($E42=참조!$B$5,참조!$C$5,IF($E42=참조!$B$6,참조!$C$6,IF($E42=참조!$B$7,참조!$C$7,IF($E42=참조!$B$8,참조!$C$8,""))))))) -> 木 | G42: =IF($F42=참조!$C$2,참조!$D$2,IF($F42=참조!$C$8,참조!$D$2,IF(COUNTIF('2026년휴일'!$B:$B,$B42)>0,참조!$D$2,참조!$D$3))) -> 勤 | H42: =IF($G42=참조!$D$3,참조!$E$3,참조!$E$2) -> 1000 | I42: =SUMIFS(지출기록_2월!$H$3:$H$312,지출기록_2월!$E$3:$E$312,B42,지출기록_2월!$F$3:$F$312,참조!$F$2) -> 0 | J42: =SUMIFS(지출기록_2월!$H$3:$H$312,지출기록_2월!$E$3:$E$312,B42,지출기록_2월!$F$3:$F$312,참조!$F$3) -> 0 | K42: =I42-J42 -> 0 | L42: =IF(B42>$B$2,H42,K42) -> 0 | M42: =$H42-$K42 -> 1000
B43: =DATE($A$1,C43,D43) -> 46059 | C43: 2 | D43: 6 | E43: =WEEKDAY(B43) -> 6 | F43: =IF($E43=참조!$B$2,참조!$C$2,IF($E43=참조!$B$3,참조!$C$3,IF($E43=참조!$B$4,참조!$C$4,IF($E43=참조!$B$5,참조!$C$5,IF($E43=참조!$B$6,참조!$C$6,IF($E43=참조!$B$7,참조!$C$7,IF($E43=참조!$B$8,참조!$C$8,""))))))) -> 金 | G43: =IF($F43=참조!$C$2,참조!$D$2,IF($F43=참조!$C$8,참조!$D$2,IF(COUNTIF('2026년휴일'!$B:$B,$B43)>0,참조!$D$2,참조!$D$3))) -> 勤 | H43: =IF($G43=참조!$D$3,참조!$E$3,참조!$E$2) -> 1000 | I43: =SUMIFS(지출기록_2월!$H$3:$H$312,지출기록_2월!$E$3:$E$312,B43,지출기록_2월!$F$3:$F$312,참조!$F$2) -> 0 | J43: =SUMIFS(지출기록_2월!$H$3:$H$312,지출기록_2월!$E$3:$E$312,B43,지출기록_2월!$F$3:$F$312,참조!$F$3) -> 0 | K43: =I43-J43 -> 0 | L43: =IF(B43>$B$2,H43,K43) -> 0 | M43: =$H43-$K43 -> 1000
B44: =DATE($A$1,C44,D44) -> 46060 | C44: 2 | D44: 7 | E44: =WEEKDAY(B44) -> 7 | F44: =IF($E44=참조!$B$2,참조!$C$2,IF($E44=참조!$B$3,참조!$C$3,IF($E44=참조!$B$4,참조!$C$4,IF($E44=참조!$B$5,참조!$C$5,IF($E44=참조!$B$6,참조!$C$6,IF($E44=참조!$B$7,참조!$C$7,IF($E44=참조!$B$8,참조!$C$8,""))))))) -> 土 | G44: =IF($F44=참조!$C$2,참조!$D$2,IF($F44=참조!$C$8,참조!$D$2,IF(COUNTIF('2026년휴일'!$B:$B,$B44)>0,참조!$D$2,참조!$D$3))) -> 休 | H44: =IF($G44=참조!$D$3,참조!$E$3,참조!$E$2) -> 5000 | I44: =SUMIFS(지출기록_2월!$H$3:$H$312,지출기록_2월!$E$3:$E$312,B44,지출기록_2월!$F$3:$F$312,참조!$F$2) -> 0 | J44: =SUMIFS(지출기록_2월!$H$3:$H$312,지출기록_2월!$E$3:$E$312,B44,지출기록_2월!$F$3:$F$312,참조!$F$3) -> 0 | K44: =I44-J44 -> 0 | L44: =IF(B44>$B$2,H44,K44) -> 0 | M44: =$H44-$K44 -> 5000
B45: =DATE($A$1,C45,D45) -> 46061 | C45: 2 | D45: 8 | E45: =WEEKDAY(B45) -> 1 | F45: =IF($E45=참조!$B$2,참조!$C$2,IF($E45=참조!$B$3,참조!$C$3,IF($E45=참조!$B$4,참조!$C$4,IF($E45=참조!$B$5,참조!$C$5,IF($E45=참조!$B$6,참조!$C$6,IF($E45=참조!$B$7,참조!$C$7,IF($E45=참조!$B$8,참조!$C$8,""))))))) -> 日 | G45: =IF($F45=참조!$C$2,참조!$D$2,IF($F45=참조!$C$8,참조!$D$2,IF(COUNTIF('2026년휴일'!$B:$B,$B45)>0,참조!$D$2,참조!$D$3))) -> 休 | H45: =IF($G45=참조!$D$3,참조!$E$3,참조!$E$2) -> 5000 | I45: =SUMIFS(지출기록_2월!$H$3:$H$312,지출기록_2월!$E$3:$E$312,B45,지출기록_2월!$F$3:$F$312,참조!$F$2) -> 0 | J45: =SUMIFS(지출기록_2월!$H$3:$H$312,지출기록_2월!$E$3:$E$312,B45,지출기록_2월!$F$3:$F$312,참조!$F$3) -> 0 | K45: =I45-J45 -> 0 | L45: =IF(B45>$B$2,H45,K45) -> 0 | M45: =$H45-$K45 -> 5000
B46: =DATE($A$1,C46,D46) -> 46062 | C46: 2 | D46: 9 | E46: =WEEKDAY(B46) -> 2 | F46: =IF($E46=참조!$B$2,참조!$C$2,IF($E46=참조!$B$3,참조!$C$3,IF($E46=참조!$B$4,참조!$C$4,IF($E46=참조!$B$5,참조!$C$5,IF($E46=참조!$B$6,참조!$C$6,IF($E46=참조!$B$7,참조!$C$7,IF($E46=참조!$B$8,참조!$C$8,""))))))) -> 月 | G46: =IF($F46=참조!$C$2,참조!$D$2,IF($F46=참조!$C$8,참조!$D$2,IF(COUNTIF('2026년휴일'!$B:$B,$B46)>0,참조!$D$2,참조!$D$3))) -> 勤 | H46: =IF($G46=참조!$D$3,참조!$E$3,참조!$E$2) -> 1000 | I46: =SUMIFS(지출기록_2월!$H$3:$H$312,지출기록_2월!$E$3:$E$312,B46,지출기록_2월!$F$3:$F$312,참조!$F$2) -> 0 | J46: =SUMIFS(지출기록_2월!$H$3:$H$312,지출기록_2월!$E$3:$E$312,B46,지출기록_2월!$F$3:$F$312,참조!$F$3) -> 0 | K46: =I46-J46 -> 0 | L46: =IF(B46>$B$2,H46,K46) -> 0 | M46: =$H46-$K46 -> 1000
B47: =DATE($A$1,C47,D47) -> 46063 | C47: 2 | D47: 10 | E47: =WEEKDAY(B47) -> 3 | F47: =IF($E47=참조!$B$2,참조!$C$2,IF($E47=참조!$B$3,참조!$C$3,IF($E47=참조!$B$4,참조!$C$4,IF($E47=참조!$B$5,참조!$C$5,IF($E47=참조!$B$6,참조!$C$6,IF($E47=참조!$B$7,참조!$C$7,IF($E47=참조!$B$8,참조!$C$8,""))))))) -> 火 | G47: =IF($F47=참조!$C$2,참조!$D$2,IF($F47=참조!$C$8,참조!$D$2,IF(COUNTIF('2026년휴일'!$B:$B,$B47)>0,참조!$D$2,참조!$D$3))) -> 勤 | H47: =IF($G47=참조!$D$3,참조!$E$3,참조!$E$2) -> 1000 | I47: =SUMIFS(지출기록_2월!$H$3:$H$312,지출기록_2월!$E$3:$E$312,B47,지출기록_2월!$F$3:$F$312,참조!$F$2) -> 0 | J47: =SUMIFS(지출기록_2월!$H$3:$H$312,지출기록_2월!$E$3:$E$312,B47,지출기록_2월!$F$3:$F$312,참조!$F$3) -> 0 | K47: =I47-J47 -> 0 | L47: =IF(B47>$B$2,H47,K47) -> 0 | M47: =$H47-$K47 -> 1000
B48: =DATE($A$1,C48,D48) -> 46064 | C48: 2 | D48: 11 | E48: =WEEKDAY(B48) -> 4 | F48: =IF($E48=참조!$B$2,참조!$C$2,IF($E48=참조!$B$3,참조!$C$3,IF($E48=참조!$B$4,참조!$C$4,IF($E48=참조!$B$5,참조!$C$5,IF($E48=참조!$B$6,참조!$C$6,IF($E48=참조!$B$7,참조!$C$7,IF($E48=참조!$B$8,참조!$C$8,""))))))) -> 水 | G48: =IF($F48=참조!$C$2,참조!$D$2,IF($F48=참조!$C$8,참조!$D$2,IF(COUNTIF('2026년휴일'!$B:$B,$B48)>0,참조!$D$2,참조!$D$3))) -> 休 | H48: =IF($G48=참조!$D$3,참조!$E$3,참조!$E$2) -> 5000 | I48: =SUMIFS(지출기록_2월!$H$3:$H$312,지출기록_2월!$E$3:$E$312,B48,지출기록_2월!$F$3:$F$312,참조!$F$2) -> 0 | J48: =SUMIFS(지출기록_2월!$H$3:$H$312,지출기록_2월!$E$3:$E$312,B48,지출기록_2월!$F$3:$F$312,참조!$F$3) -> 0 | K48: =I48-J48 -> 0 | L48: =IF(B48>$B$2,H48,K48) -> 0 | M48: =$H48-$K48 -> 5000
B49: =DATE($A$1,C49,D49) -> 46065 | C49: 2 | D49: 12 | E49: =WEEKDAY(B49) -> 5 | F49: =IF($E49=참조!$B$2,참조!$C$2,IF($E49=참조!$B$3,참조!$C$3,IF($E49=참조!$B$4,참조!$C$4,IF($E49=참조!$B$5,참조!$C$5,IF($E49=참조!$B$6,참조!$C$6,IF($E49=참조!$B$7,참조!$C$7,IF($E49=참조!$B$8,참조!$C$8,""))))))) -> 木 | G49: =IF($F49=참조!$C$2,참조!$D$2,IF($F49=참조!$C$8,참조!$D$2,IF(COUNTIF('2026년휴일'!$B:$B,$B49)>0,참조!$D$2,참조!$D$3))) -> 勤 | H49: =IF($G49=참조!$D$3,참조!$E$3,참조!$E$2) -> 1000 | I49: =SUMIFS(지출기록_2월!$H$3:$H$312,지출기록_2월!$E$3:$E$312,B49,지출기록_2월!$F$3:$F$312,참조!$F$2) -> 0 | J49: =SUMIFS(지출기록_2월!$H$3:$H$312,지출기록_2월!$E$3:$E$312,B49,지출기록_2월!$F$3:$F$312,참조!$F$3) -> 0 | K49: =I49-J49 -> 0 | L49: =IF(B49>$B$2,H49,K49) -> 0 | M49: =$H49-$K49 -> 1000
... B65: =DATE($A$1,C65,D65) -> 46081 | C65: 2 | D65: 28 | E65: =WEEKDAY(B65) -> 7 | F65: =IF($E65=참조!$B$2,참조!$C$2,IF($E65=참조!$B$3,참조!$C$3,IF($E65=참조!$B$4,참조!$C$4,IF($E65=참조!$B$5,참조!$C$5,IF($E65=참조!$B$6,참조!$C$6,IF($E65=참조!$B$7,참조!$C$7,IF($E65=참조!$B$8,참조!$C$8,""))))))) -> 土 | G65: =IF($F65=참조!$C$2,참조!$D$2,IF($F65=참조!$C$8,참조!$D$2,IF(COUNTIF('2026년휴일'!$B:$B,$B65)>0,참조!$D$2,참조!$D$3))) -> 休 | H65: =IF($G65=참조!$D$3,참조!$E$3,참조!$E$2) -> 5000 | I65: =SUMIFS(지출기록_2월!$H$3:$H$312,지출기록_2월!$E$3:$E$312,B65,지출기록_2월!$F$3:$F$312,참조!$F$2) -> 0 | J65: =SUMIFS(지출기록_2월!$H$3:$H$312,지출기록_2월!$E$3:$E$312,B65,지출기록_2월!$F$3:$F$312,참조!$F$3) -> 0 | K65: =I65-J65 -> 0 | L65: =IF(B65>$B$2,H65,K65) -> 0 | M65: =$H65-$K65 -> 5000
B66: =DATE($A$1,C66,D66) -> 46082 | C66: 3 | D66: 1 | E66: =WEEKDAY(B66) -> 1 | F66: =IF($E66=참조!$B$2,참조!$C$2,IF($E66=참조!$B$3,참조!$C$3,IF($E66=참조!$B$4,참조!$C$4,IF($E66=참조!$B$5,참조!$C$5,IF($E66=참조!$B$6,참조!$C$6,IF($E66=참조!$B$7,참조!$C$7,IF($E66=참조!$B$8,참조!$C$8,""))))))) -> 日 | G66: =IF($F66=참조!$C$2,참조!$D$2,IF($F66=참조!$C$8,참조!$D$2,IF(COUNTIF('2026년휴일'!$B:$B,$B66)>0,참조!$D$2,참조!$D$3))) -> 休 | H66: =IF($G66=참조!$D$3,참조!$E$3,참조!$E$2) -> 5000 | I66: =SUMIFS(지출기록_3월!$H$3:$H$312,지출기록_3월!$E$3:$E$312,B66,지출기록_3월!$F$3:$F$312,참조!$F$2) -> 0 | J66: =SUMIFS(지출기록_3월!$H$3:$H$312,지출기록_3월!$E$3:$E$312,B66,지출기록_3월!$F$3:$F$312,참조!$F$3) -> 0 | K66: =I66-J66 -> 0 | L66: =IF(B66>$B$2,H66,K66) -> 0 | M66: =$H66-$K66 -> 5000
B67: =DATE($A$1,C67,D67) -> 46083 | C67: 3 | D67: 2 | E67: =WEEKDAY(B67) -> 2 | F67: =IF($E67=참조!$B$2,참조!$C$2,IF($E67=참조!$B$3,참조!$C$3,IF($E67=참조!$B$4,참조!$C$4,IF($E67=참조!$B$5,참조!$C$5,IF($E67=참조!$B$6,참조!$C$6,IF($E67=참조!$B$7,참조!$C$7,IF($E67=참조!$B$8,참조!$C$8,""))))))) -> 月 | G67: =IF($F67=참조!$C$2,참조!$D$2,IF($F67=참조!$C$8,참조!$D$2,IF(COUNTIF('2026년휴일'!$B:$B,$B67)>0,참조!$D$2,참조!$D$3))) -> 勤 | H67: =IF($G67=참조!$D$3,참조!$E$3,참조!$E$2) -> 1000 | I67: =SUMIFS(지출기록_3월!$H$3:$H$312,지출기록_3월!$E$3:$E$312,B67,지출기록_3월!$F$3:$F$312,참조!$F$2) -> 0 | J67: =SUMIFS(지출기록_3월!$H$3:$H$312,지출기록_3월!$E$3:$E$312,B67,지출기록_3월!$F$3:$F$312,참조!$F$3) -> 0 | K67: =I67-J67 -> 0 | L67: =IF(B67>$B$2,H67,K67) -> 0 | M67: =$H67-$K67 -> 1000
B68: =DATE($A$1,C68,D68) -> 46084 | C68: 3 | D68: 3 | E68: =WEEKDAY(B68) -> 3 | F68: =IF($E68=참조!$B$2,참조!$C$2,IF($E68=참조!$B$3,참조!$C$3,IF($E68=참조!$B$4,참조!$C$4,IF($E68=참조!$B$5,참조!$C$5,IF($E68=참조!$B$6,참조!$C$6,IF($E68=참조!$B$7,참조!$C$7,IF($E68=참조!$B$8,참조!$C$8,""))))))) -> 火 | G68: =IF($F68=참조!$C$2,참조!$D$2,IF($F68=참조!$C$8,참조!$D$2,IF(COUNTIF('2026년휴일'!$B:$B,$B68)>0,참조!$D$2,참조!$D$3))) -> 勤 | H68: =IF($G68=참조!$D$3,참조!$E$3,참조!$E$2) -> 1000 | I68: =SUMIFS(지출기록_3월!$H$3:$H$312,지출기록_3월!$E$3:$E$312,B68,지출기록_3월!$F$3:$F$312,참조!$F$2) -> 0 | J68: =SUMIFS(지출기록_3월!$H$3:$H$312,지출기록_3월!$E$3:$E$312,B68,지출기록_3월!$F$3:$F$312,참조!$F$3) -> 0 | K68: =I68-J68 -> 0 | L68: =IF(B68>$B$2,H68,K68) -> 0 | M68: =$H68-$K68 -> 1000
B69: =DATE($A$1,C69,D69) -> 46085 | C69: 3 | D69: 4 | E69: =WEEKDAY(B69) -> 4 | F69: =IF($E69=참조!$B$2,참조!$C$2,IF($E69=참조!$B$3,참조!$C$3,IF($E69=참조!$B$4,참조!$C$4,IF($E69=참조!$B$5,참조!$C$5,IF($E69=참조!$B$6,참조!$C$6,IF($E69=참조!$B$7,참조!$C$7,IF($E69=참조!$B$8,참조!$C$8,""))))))) -> 水 | G69: =IF($F69=참조!$C$2,참조!$D$2,IF($F69=참조!$C$8,참조!$D$2,IF(COUNTIF('2026년휴일'!$B:$B,$B69)>0,참조!$D$2,참조!$D$3))) -> 勤 | H69: =IF($G69=참조!$D$3,참조!$E$3,참조!$E$2) -> 1000 | I69: =SUMIFS(지출기록_3월!$H$3:$H$312,지출기록_3월!$E$3:$E$312,B69,지출기록_3월!$F$3:$F$312,참조!$F$2) -> 0 | J69: =SUMIFS(지출기록_3월!$H$3:$H$312,지출기록_3월!$E$3:$E$312,B69,지출기록_3월!$F$3:$F$312,참조!$F$3) -> 0 | K69: =I69-J69 -> 0 | L69: =IF(B69>$B$2,H69,K69) -> 0 | M69: =$H69-$K69 -> 1000
B70: =DATE($A$1,C70,D70) -> 46086 | C70: 3 | D70: 5 | E70: =WEEKDAY(B70) -> 5 | F70: =IF($E70=참조!$B$2,참조!$C$2,IF($E70=참조!$B$3,참조!$C$3,IF($E70=참조!$B$4,참조!$C$4,IF($E70=참조!$B$5,참조!$C$5,IF($E70=참조!$B$6,참조!$C$6,IF($E70=참조!$B$7,참조!$C$7,IF($E70=참조!$B$8,참조!$C$8,""))))))) -> 木 | G70: =IF($F70=참조!$C$2,참조!$D$2,IF($F70=참조!$C$8,참조!$D$2,IF(COUNTIF('2026년휴일'!$B:$B,$B70)>0,참조!$D$2,참조!$D$3))) -> 勤 | H70: =IF($G70=참조!$D$3,참조!$E$3,참조!$E$2) -> 1000 | I70: =SUMIFS(지출기록_3월!$H$3:$H$312,지출기록_3월!$E$3:$E$312,B70,지출기록_3월!$F$3:$F$312,참조!$F$2) -> 0 | J70: =SUMIFS(지출기록_3월!$H$3:$H$312,지출기록_3월!$E$3:$E$312,B70,지출기록_3월!$F$3:$F$312,참조!$F$3) -> 0 | K70: =I70-J70 -> 0 | L70: =IF(B70>$B$2,H70,K70) -> 0 | M70: =$H70-$K70 -> 1000
B71: =DATE($A$1,C71,D71) -> 46087 | C71: 3 | D71: 6 | E71: =WEEKDAY(B71) -> 6 | F71: =IF($E71=참조!$B$2,참조!$C$2,IF($E71=참조!$B$3,참조!$C$3,IF($E71=참조!$B$4,참조!$C$4,IF($E71=참조!$B$5,참조!$C$5,IF($E71=참조!$B$6,참조!$C$6,IF($E71=참조!$B$7,참조!$C$7,IF($E71=참조!$B$8,참조!$C$8,""))))))) -> 金 | G71: =IF($F71=참조!$C$2,참조!$D$2,IF($F71=참조!$C$8,참조!$D$2,IF(COUNTIF('2026년휴일'!$B:$B,$B71)>0,참조!$D$2,참조!$D$3))) -> 勤 | H71: =IF($G71=참조!$D$3,참조!$E$3,참조!$E$2) -> 1000 | I71: =SUMIFS(지출기록_3월!$H$3:$H$312,지출기록_3월!$E$3:$E$312,B71,지출기록_3월!$F$3:$F$312,참조!$F$2) -> 0 | J71: =SUMIFS(지출기록_3월!$H$3:$H$312,지출기록_3월!$E$3:$E$312,B71,지출기록_3월!$F$3:$F$312,참조!$F$3) -> 0 | K71: =I71-J71 -> 0 | L71: =IF(B71>$B$2,H71,K71) -> 0 | M71: =$H71-$K71 -> 1000
B72: =DATE($A$1,C72,D72) -> 46088 | C72: 3 | D72: 7 | E72: =WEEKDAY(B72) -> 7 | F72: =IF($E72=참조!$B$2,참조!$C$2,IF($E72=참조!$B$3,참조!$C$3,IF($E72=참조!$B$4,참조!$C$4,IF($E72=참조!$B$5,참조!$C$5,IF($E72=참조!$B$6,참조!$C$6,IF($E72=참조!$B$7,참조!$C$7,IF($E72=참조!$B$8,참조!$C$8,""))))))) -> 土 | G72: =IF($F72=참조!$C$2,참조!$D$2,IF($F72=참조!$C$8,참조!$D$2,IF(COUNTIF('2026년휴일'!$B:$B,$B72)>0,참조!$D$2,참조!$D$3))) -> 休 | H72: =IF($G72=참조!$D$3,참조!$E$3,참조!$E$2) -> 5000 | I72: =SUMIFS(지출기록_3월!$H$3:$H$312,지출기록_3월!$E$3:$E$312,B72,지출기록_3월!$F$3:$F$312,참조!$F$2) -> 0 | J72: =SUMIFS(지출기록_3월!$H$3:$H$312,지출기록_3월!$E$3:$E$312,B72,지출기록_3월!$F$3:$F$312,참조!$F$3) -> 0 | K72: =I72-J72 -> 0 | L72: =IF(B72>$B$2,H72,K72) -> 0 | M72: =$H72-$K72 -> 5000
B73: =DATE($A$1,C73,D73) -> 46089 | C73: 3 | D73: 8 | E73: =WEEKDAY(B73) -> 1 | F73: =IF($E73=참조!$B$2,참조!$C$2,IF($E73=참조!$B$3,참조!$C$3,IF($E73=참조!$B$4,참조!$C$4,IF($E73=참조!$B$5,참조!$C$5,IF($E73=참조!$B$6,참조!$C$6,IF($E73=참조!$B$7,참조!$C$7,IF($E73=참조!$B$8,참조!$C$8,""))))))) -> 日 | G73: =IF($F73=참조!$C$2,참조!$D$2,IF($F73=참조!$C$8,참조!$D$2,IF(COUNTIF('2026년휴일'!$B:$B,$B73)>0,참조!$D$2,참조!$D$3))) -> 休 | H73: =IF($G73=참조!$D$3,참조!$E$3,참조!$E$2) -> 5000 | I73: =SUMIFS(지출기록_3월!$H$3:$H$312,지출기록_3월!$E$3:$E$312,B73,지출기록_3월!$F$3:$F$312,참조!$F$2) -> 0 | J73: =SUMIFS(지출기록_3월!$H$3:$H$312,지출기록_3월!$E$3:$E$312,B73,지출기록_3월!$F$3:$F$312,참조!$F$3) -> 0 | K73: =I73-J73 -> 0 | L73: =IF(B73>$B$2,H73,K73) -> 0 | M73: =$H73-$K73 -> 5000
B74: =DATE($A$1,C74,D74) -> 46090 | C74: 3 | D74: 9 | E74: =WEEKDAY(B74) -> 2 | F74: =IF($E74=참조!$B$2,참조!$C$2,IF($E74=참조!$B$3,참조!$C$3,IF($E74=참조!$B$4,참조!$C$4,IF($E74=참조!$B$5,참조!$C$5,IF($E74=참조!$B$6,참조!$C$6,IF($E74=참조!$B$7,참조!$C$7,IF($E74=참조!$B$8,참조!$C$8,""))))))) -> 月 | G74: =IF($F74=참조!$C$2,참조!$D$2,IF($F74=참조!$C$8,참조!$D$2,IF(COUNTIF('2026년휴일'!$B:$B,$B74)>0,참조!$D$2,참조!$D$3))) -> 勤 | H74: =IF($G74=참조!$D$3,참조!$E$3,참조!$E$2) -> 1000 | I74: =SUMIFS(지출기록_3월!$H$3:$H$312,지출기록_3월!$E$3:$E$312,B74,지출기록_3월!$F$3:$F$312,참조!$F$2) -> 0 | J74: =SUMIFS(지출기록_3월!$H$3:$H$312,지출기록_3월!$E$3:$E$312,B74,지출기록_3월!$F$3:$F$312,참조!$F$3) -> 0 | K74: =I74-J74 -> 0 | L74: =IF(B74>$B$2,H74,K74) -> 0 | M74: =$H74-$K74 -> 1000
B75: =DATE($A$1,C75,D75) -> 46091 | C75: 3 | D75: 10 | E75: =WEEKDAY(B75) -> 3 | F75: =IF($E75=참조!$B$2,참조!$C$2,IF($E75=참조!$B$3,참조!$C$3,IF($E75=참조!$B$4,참조!$C$4,IF($E75=참조!$B$5,참조!$C$5,IF($E75=참조!$B$6,참조!$C$6,IF($E75=참조!$B$7,참조!$C$7,IF($E75=참조!$B$8,참조!$C$8,""))))))) -> 火 | G75: =IF($F75=참조!$C$2,참조!$D$2,IF($F75=참조!$C$8,참조!$D$2,IF(COUNTIF('2026년휴일'!$B:$B,$B75)>0,참조!$D$2,참조!$D$3))) -> 勤 | H75: =IF($G75=참조!$D$3,참조!$E$3,참조!$E$2) -> 1000 | I75: =SUMIFS(지출기록_3월!$H$3:$H$312,지출기록_3월!$E$3:$E$312,B75,지출기록_3월!$F$3:$F$312,참조!$F$2) -> 0 | J75: =SUMIFS(지출기록_3월!$H$3:$H$312,지출기록_3월!$E$3:$E$312,B75,지출기록_3월!$F$3:$F$312,참조!$F$3) -> 0 | K75: =I75-J75 -> 0 | L75: =IF(B75>$B$2,H75,K75) -> 0 | M75: =$H75-$K75 -> 1000
B76: =DATE($A$1,C76,D76) -> 46092 | C76: 3 | D76: 11 | E76: =WEEKDAY(B76) -> 4 | F76: =IF($E76=참조!$B$2,참조!$C$2,IF($E76=참조!$B$3,참조!$C$3,IF($E76=참조!$B$4,참조!$C$4,IF($E76=참조!$B$5,참조!$C$5,IF($E76=참조!$B$6,참조!$C$6,IF($E76=참조!$B$7,참조!$C$7,IF($E76=참조!$B$8,참조!$C$8,""))))))) -> 水 | G76: =IF($F76=참조!$C$2,참조!$D$2,IF($F76=참조!$C$8,참조!$D$2,IF(COUNTIF('2026년휴일'!$B:$B,$B76)>0,참조!$D$2,참조!$D$3))) -> 勤 | H76: =IF($G76=참조!$D$3,참조!$E$3,참조!$E$2) -> 1000 | I76: =SUMIFS(지출기록_3월!$H$3:$H$312,지출기록_3월!$E$3:$E$312,B76,지출기록_3월!$F$3:$F$312,참조!$F$2) -> 0 | J76: =SUMIFS(지출기록_3월!$H$3:$H$312,지출기록_3월!$E$3:$E$312,B76,지출기록_3월!$F$3:$F$312,참조!$F$3) -> 0 | K76: =I76-J76 -> 0 | L76: =IF(B76>$B$2,H76,K76) -> 0 | M76: =$H76-$K76 -> 1000
B77: =DATE($A$1,C77,D77) -> 46093 | C77: 3 | D77: 12 | E77: =WEEKDAY(B77) -> 5 | F77: =IF($E77=참조!$B$2,참조!$C$2,IF($E77=참조!$B$3,참조!$C$3,IF($E77=참조!$B$4,참조!$C$4,IF($E77=참조!$B$5,참조!$C$5,IF($E77=참조!$B$6,참조!$C$6,IF($E77=참조!$B$7,참조!$C$7,IF($E77=참조!$B$8,참조!$C$8,""))))))) -> 木 | G77: =IF($F77=참조!$C$2,참조!$D$2,IF($F77=참조!$C$8,참조!$D$2,IF(COUNTIF('2026년휴일'!$B:$B,$B77)>0,참조!$D$2,참조!$D$3))) -> 勤 | H77: =IF($G77=참조!$D$3,참조!$E$3,참조!$E$2) -> 1000 | I77: =SUMIFS(지출기록_3월!$H$3:$H$312,지출기록_3월!$E$3:$E$312,B77,지출기록_3월!$F$3:$F$312,참조!$F$2) -> 0 | J77: =SUMIFS(지출기록_3월!$H$3:$H$312,지출기록_3월!$E$3:$E$312,B77,지출기록_3월!$F$3:$F$312,참조!$F$3) -> 0 | K77: =I77-J77 -> 0 | L77: =IF(B77>$B$2,H77,K77) -> 0 | M77: =$H77-$K77 -> 1000
... B96: =DATE($A$1,C96,D96) -> 46112 | C96: 3 | D96: 31 | E96: =WEEKDAY(B96) -> 3 | F96: =IF($E96=참조!$B$2,참조!$C$2,IF($E96=참조!$B$3,참조!$C$3,IF($E96=참조!$B$4,참조!$C$4,IF($E96=참조!$B$5,참조!$C$5,IF($E96=참조!$B$6,참조!$C$6,IF($E96=참조!$B$7,참조!$C$7,IF($E96=참조!$B$8,참조!$C$8,""))))))) -> 火 | G96: =IF($F96=참조!$C$2,참조!$D$2,IF($F96=참조!$C$8,참조!$D$2,IF(COUNTIF('2026년휴일'!$B:$B,$B96)>0,참조!$D$2,참조!$D$3))) -> 勤 | H96: =IF($G96=참조!$D$3,참조!$E$3,참조!$E$2) -> 1000 | I96: =SUMIFS(지출기록_3월!$H$3:$H$312,지출기록_3월!$E$3:$E$312,B96,지출기록_3월!$F$3:$F$312,참조!$F$2) -> 0 | J96: =SUMIFS(지출기록_3월!$H$3:$H$312,지출기록_3월!$E$3:$E$312,B96,지출기록_3월!$F$3:$F$312,참조!$F$3) -> 0 | K96: =I96-J96 -> 0 | L96: =IF(B96>$B$2,H96,K96) -> 0 | M96: =$H96-$K96 -> 1000
B97: =DATE($A$1,C97,D97) -> 46113 | C97: 4 | D97: 1 | E97: =WEEKDAY(B97) -> 4 | F97: =IF($E97=참조!$B$2,참조!$C$2,IF($E97=참조!$B$3,참조!$C$3,IF($E97=참조!$B$4,참조!$C$4,IF($E97=참조!$B$5,참조!$C$5,IF($E97=참조!$B$6,참조!$C$6,IF($E97=참조!$B$7,참조!$C$7,IF($E97=참조!$B$8,참조!$C$8,""))))))) -> 水 | G97: =IF($F97=참조!$C$2,참조!$D$2,IF($F97=참조!$C$8,참조!$D$2,IF(COUNTIF('2026년휴일'!$B:$B,$B97)>0,참조!$D$2,참조!$D$3))) -> 勤 | H97: =IF($G97=참조!$D$3,참조!$E$3,참조!$E$2) -> 1000 | I97: =SUMIFS(지출기록_4월!$H$3:$H$312,지출기록_4월!$E$3:$E$312,B97,지출기록_4월!$F$3:$F$312,참조!$F$2) -> 0 | J97: =SUMIFS(지출기록_4월!$H$3:$H$312,지출기록_4월!$E$3:$E$312,B97,지출기록_4월!$F$3:$F$312,참조!$F$3) -> 0 | K97: =I97-J97 -> 0 | L97: =IF(B97>$B$2,H97,K97) -> 0 | M97: =$H97-$K97 -> 1000
B98: =DATE($A$1,C98,D98) -> 46114 | C98: 4 | D98: 2 | E98: =WEEKDAY(B98) -> 5 | F98: =IF($E98=참조!$B$2,참조!$C$2,IF($E98=참조!$B$3,참조!$C$3,IF($E98=참조!$B$4,참조!$C$4,IF($E98=참조!$B$5,참조!$C$5,IF($E98=참조!$B$6,참조!$C$6,IF($E98=참조!$B$7,참조!$C$7,IF($E98=참조!$B$8,참조!$C$8,""))))))) -> 木 | G98: =IF($F98=참조!$C$2,참조!$D$2,IF($F98=참조!$C$8,참조!$D$2,IF(COUNTIF('2026년휴일'!$B:$B,$B98)>0,참조!$D$2,참조!$D$3))) -> 勤 | H98: =IF($G98=참조!$D$3,참조!$E$3,참조!$E$2) -> 1000 | I98: =SUMIFS(지출기록_4월!$H$3:$H$312,지출기록_4월!$E$3:$E$312,B98,지출기록_4월!$F$3:$F$312,참조!$F$2) -> 0 | J98: =SUMIFS(지출기록_4월!$H$3:$H$312,지출기록_4월!$E$3:$E$312,B98,지출기록_4월!$F$3:$F$312,참조!$F$3) -> 0 | K98: =I98-J98 -> 0 | L98: =IF(B98>$B$2,H98,K98) -> 0 | M98: =$H98-$K98 -> 1000
B99: =DATE($A$1,C99,D99) -> 46115 | C99: 4 | D99: 3 | E99: =WEEKDAY(B99) -> 6 | F99: =IF($E99=참조!$B$2,참조!$C$2,IF($E99=참조!$B$3,참조!$C$3,IF($E99=참조!$B$4,참조!$C$4,IF($E99=참조!$B$5,참조!$C$5,IF($E99=참조!$B$6,참조!$C$6,IF($E99=참조!$B$7,참조!$C$7,IF($E99=참조!$B$8,참조!$C$8,""))))))) -> 金 | G99: =IF($F99=참조!$C$2,참조!$D$2,IF($F99=참조!$C$8,참조!$D$2,IF(COUNTIF('2026년휴일'!$B:$B,$B99)>0,참조!$D$2,참조!$D$3))) -> 勤 | H99: =IF($G99=참조!$D$3,참조!$E$3,참조!$E$2) -> 1000 | I99: =SUMIFS(지출기록_4월!$H$3:$H$312,지출기록_4월!$E$3:$E$312,B99,지출기록_4월!$F$3:$F$312,참조!$F$2) -> 0 | J99: =SUMIFS(지출기록_4월!$H$3:$H$312,지출기록_4월!$E$3:$E$312,B99,지출기록_4월!$F$3:$F$312,참조!$F$3) -> 0 | K99: =I99-J99 -> 0 | L99: =IF(B99>$B$2,H99,K99) -> 0 | M99: =$H99-$K99 -> 1000
B100: =DATE($A$1,C100,D100) -> 46116 | C100: 4 | D100: 4 | E100: =WEEKDAY(B100) -> 7 | F100: =IF($E100=참조!$B$2,참조!$C$2,IF($E100=참조!$B$3,참조!$C$3,IF($E100=참조!$B$4,참조!$C$4,IF($E100=참조!$B$5,참조!$C$5,IF($E100=참조!$B$6,참조!$C$6,IF($E100=참조!$B$7,참조!$C$7,IF($E100=참조!$B$8,참조!$C$8,""))))))) -> 土 | G100: =IF($F100=참조!$C$2,참조!$D$2,IF($F100=참조!$C$8,참조!$D$2,IF(COUNTIF('2026년휴일'!$B:$B,$B100)>0,참조!$D$2,참조!$D$3))) -> 休 | H100: =IF($G100=참조!$D$3,참조!$E$3,참조!$E$2) -> 5000 | I100: =SUMIFS(지출기록_4월!$H$3:$H$312,지출기록_4월!$E$3:$E$312,B100,지출기록_4월!$F$3:$F$312,참조!$F$2) -> 0 | J100: =SUMIFS(지출기록_4월!$H$3:$H$312,지출기록_4월!$E$3:$E$312,B100,지출기록_4월!$F$3:$F$312,참조!$F$3) -> 0 | K100: =I100-J100 -> 0 | L100: =IF(B100>$B$2,H100,K100) -> 0 | M100: =$H100-$K100 -> 5000
B101: =DATE($A$1,C101,D101) -> 46117 | C101: 4 | D101: 5 | E101: =WEEKDAY(B101) -> 1 | F101: =IF($E101=참조!$B$2,참조!$C$2,IF($E101=참조!$B$3,참조!$C$3,IF($E101=참조!$B$4,참조!$C$4,IF($E101=참조!$B$5,참조!$C$5,IF($E101=참조!$B$6,참조!$C$6,IF($E101=참조!$B$7,참조!$C$7,IF($E101=참조!$B$8,참조!$C$8,""))))))) -> 日 | G101: =IF($F101=참조!$C$2,참조!$D$2,IF($F101=참조!$C$8,참조!$D$2,IF(COUNTIF('2026년휴일'!$B:$B,$B101)>0,참조!$D$2,참조!$D$3))) -> 休 | H101: =IF($G101=참조!$D$3,참조!$E$3,참조!$E$2) -> 5000 | I101: =SUMIFS(지출기록_4월!$H$3:$H$312,지출기록_4월!$E$3:$E$312,B101,지출기록_4월!$F$3:$F$312,참조!$F$2) -> 0 | J101: =SUMIFS(지출기록_4월!$H$3:$H$312,지출기록_4월!$E$3:$E$312,B101,지출기록_4월!$F$3:$F$312,참조!$F$3) -> 0 | K101: =I101-J101 -> 0 | L101: =IF(B101>$B$2,H101,K101) -> 0 | M101: =$H101-$K101 -> 5000
B102: =DATE($A$1,C102,D102) -> 46118 | C102: 4 | D102: 6 | E102: =WEEKDAY(B102) -> 2 | F102: =IF($E102=참조!$B$2,참조!$C$2,IF($E102=참조!$B$3,참조!$C$3,IF($E102=참조!$B$4,참조!$C$4,IF($E102=참조!$B$5,참조!$C$5,IF($E102=참조!$B$6,참조!$C$6,IF($E102=참조!$B$7,참조!$C$7,IF($E102=참조!$B$8,참조!$C$8,""))))))) -> 月 | G102: =IF($F102=참조!$C$2,참조!$D$2,IF($F102=참조!$C$8,참조!$D$2,IF(COUNTIF('2026년휴일'!$B:$B,$B102)>0,참조!$D$2,참조!$D$3))) -> 勤 | H102: =IF($G102=참조!$D$3,참조!$E$3,참조!$E$2) -> 1000 | I102: =SUMIFS(지출기록_4월!$H$3:$H$312,지출기록_4월!$E$3:$E$312,B102,지출기록_4월!$F$3:$F$312,참조!$F$2) -> 0 | J102: =SUMIFS(지출기록_4월!$H$3:$H$312,지출기록_4월!$E$3:$E$312,B102,지출기록_4월!$F$3:$F$312,참조!$F$3) -> 0 | K102: =I102-J102 -> 0 | L102: =IF(B102>$B$2,H102,K102) -> 0 | M102: =$H102-$K102 -> 1000
B103: =DATE($A$1,C103,D103) -> 46119 | C103: 4 | D103: 7 | E103: =WEEKDAY(B103) -> 3 | F103: =IF($E103=참조!$B$2,참조!$C$2,IF($E103=참조!$B$3,참조!$C$3,IF($E103=참조!$B$4,참조!$C$4,IF($E103=참조!$B$5,참조!$C$5,IF($E103=참조!$B$6,참조!$C$6,IF($E103=참조!$B$7,참조!$C$7,IF($E103=참조!$B$8,참조!$C$8,""))))))) -> 火 | G103: =IF($F103=참조!$C$2,참조!$D$2,IF($F103=참조!$C$8,참조!$D$2,IF(COUNTIF('2026년휴일'!$B:$B,$B103)>0,참조!$D$2,참조!$D$3))) -> 勤 | H103: =IF($G103=참조!$D$3,참조!$E$3,참조!$E$2) -> 1000 | I103: =SUMIFS(지출기록_4월!$H$3:$H$312,지출기록_4월!$E$3:$E$312,B103,지출기록_4월!$F$3:$F$312,참조!$F$2) -> 0 | J103: =SUMIFS(지출기록_4월!$H$3:$H$312,지출기록_4월!$E$3:$E$312,B103,지출기록_4월!$F$3:$F$312,참조!$F$3) -> 0 | K103: =I103-J103 -> 0 | L103: =IF(B103>$B$2,H103,K103) -> 0 | M103: =$H103-$K103 -> 1000
B104: =DATE($A$1,C104,D104) -> 46120 | C104: 4 | D104: 8 | E104: =WEEKDAY(B104) -> 4 | F104: =IF($E104=참조!$B$2,참조!$C$2,IF($E104=참조!$B$3,참조!$C$3,IF($E104=참조!$B$4,참조!$C$4,IF($E104=참조!$B$5,참조!$C$5,IF($E104=참조!$B$6,참조!$C$6,IF($E104=참조!$B$7,참조!$C$7,IF($E104=참조!$B$8,참조!$C$8,""))))))) -> 水 | G104: =IF($F104=참조!$C$2,참조!$D$2,IF($F104=참조!$C$8,참조!$D$2,IF(COUNTIF('2026년휴일'!$B:$B,$B104)>0,참조!$D$2,참조!$D$3))) -> 勤 | H104: =IF($G104=참조!$D$3,참조!$E$3,참조!$E$2) -> 1000 | I104: =SUMIFS(지출기록_4월!$H$3:$H$312,지출기록_4월!$E$3:$E$312,B104,지출기록_4월!$F$3:$F$312,참조!$F$2) -> 0 | J104: =SUMIFS(지출기록_4월!$H$3:$H$312,지출기록_4월!$E$3:$E$312,B104,지출기록_4월!$F$3:$F$312,참조!$F$3) -> 0 | K104: =I104-J104 -> 0 | L104: =IF(B104>$B$2,H104,K104) -> 0 | M104: =$H104-$K104 -> 1000
B105: =DATE($A$1,C105,D105) -> 46121 | C105: 4 | D105: 9 | E105: =WEEKDAY(B105) -> 5 | F105: =IF($E105=참조!$B$2,참조!$C$2,IF($E105=참조!$B$3,참조!$C$3,IF($E105=참조!$B$4,참조!$C$4,IF($E105=참조!$B$5,참조!$C$5,IF($E105=참조!$B$6,참조!$C$6,IF($E105=참조!$B$7,참조!$C$7,IF($E105=참조!$B$8,참조!$C$8,""))))))) -> 木 | G105: =IF($F105=참조!$C$2,참조!$D$2,IF($F105=참조!$C$8,참조!$D$2,IF(COUNTIF('2026년휴일'!$B:$B,$B105)>0,참조!$D$2,참조!$D$3))) -> 勤 | H105: =IF($G105=참조!$D$3,참조!$E$3,참조!$E$2) -> 1000 | I105: =SUMIFS(지출기록_4월!$H$3:$H$312,지출기록_4월!$E$3:$E$312,B105,지출기록_4월!$F$3:$F$312,참조!$F$2) -> 0 | J105: =SUMIFS(지출기록_4월!$H$3:$H$312,지출기록_4월!$E$3:$E$312,B105,지출기록_4월!$F$3:$F$312,참조!$F$3) -> 0 | K105: =I105-J105 -> 0 | L105: =IF(B105>$B$2,H105,K105) -> 0 | M105: =$H105-$K105 -> 1000
B106: =DATE($A$1,C106,D106) -> 46122 | C106: 4 | D106: 10 | E106: =WEEKDAY(B106) -> 6 | F106: =IF($E106=참조!$B$2,참조!$C$2,IF($E106=참조!$B$3,참조!$C$3,IF($E106=참조!$B$4,참조!$C$4,IF($E106=참조!$B$5,참조!$C$5,IF($E106=참조!$B$6,참조!$C$6,IF($E106=참조!$B$7,참조!$C$7,IF($E106=참조!$B$8,참조!$C$8,""))))))) -> 金 | G106: =IF($F106=참조!$C$2,참조!$D$2,IF($F106=참조!$C$8,참조!$D$2,IF(COUNTIF('2026년휴일'!$B:$B,$B106)>0,참조!$D$2,참조!$D$3))) -> 勤 | H106: =IF($G106=참조!$D$3,참조!$E$3,참조!$E$2) -> 1000 | I106: =SUMIFS(지출기록_4월!$H$3:$H$312,지출기록_4월!$E$3:$E$312,B106,지출기록_4월!$F$3:$F$312,참조!$F$2) -> 0 | J106: =SUMIFS(지출기록_4월!$H$3:$H$312,지출기록_4월!$E$3:$E$312,B106,지출기록_4월!$F$3:$F$312,참조!$F$3) -> 0 | K106: =I106-J106 -> 0 | L106: =IF(B106>$B$2,H106,K106) -> 0 | M106: =$H106-$K106 -> 1000
B107: =DATE($A$1,C107,D107) -> 46123 | C107: 4 | D107: 11 | E107: =WEEKDAY(B107) -> 7 | F107: =IF($E107=참조!$B$2,참조!$C$2,IF($E107=참조!$B$3,참조!$C$3,IF($E107=참조!$B$4,참조!$C$4,IF($E107=참조!$B$5,참조!$C$5,IF($E107=참조!$B$6,참조!$C$6,IF($E107=참조!$B$7,참조!$C$7,IF($E107=참조!$B$8,참조!$C$8,""))))))) -> 土 | G107: =IF($F107=참조!$C$2,참조!$D$2,IF($F107=참조!$C$8,참조!$D$2,IF(COUNTIF('2026년휴일'!$B:$B,$B107)>0,참조!$D$2,참조!$D$3))) -> 休 | H107: =IF($G107=참조!$D$3,참조!$E$3,참조!$E$2) -> 5000 | I107: =SUMIFS(지출기록_4월!$H$3:$H$312,지출기록_4월!$E$3:$E$312,B107,지출기록_4월!$F$3:$F$312,참조!$F$2) -> 0 | J107: =SUMIFS(지출기록_4월!$H$3:$H$312,지출기록_4월!$E$3:$E$312,B107,지출기록_4월!$F$3:$F$312,참조!$F$3) -> 0 | K107: =I107-J107 -> 0 | L107: =IF(B107>$B$2,H107,K107) -> 0 | M107: =$H107-$K107 -> 5000
B108: =DATE($A$1,C108,D108) -> 46124 | C108: 4 | D108: 12 | E108: =WEEKDAY(B108) -> 1 | F108: =IF($E108=참조!$B$2,참조!$C$2,IF($E108=참조!$B$3,참조!$C$3,IF($E108=참조!$B$4,참조!$C$4,IF($E108=참조!$B$5,참조!$C$5,IF($E108=참조!$B$6,참조!$C$6,IF($E108=참조!$B$7,참조!$C$7,IF($E108=참조!$B$8,참조!$C$8,""))))))) -> 日 | G108: =IF($F108=참조!$C$2,참조!$D$2,IF($F108=참조!$C$8,참조!$D$2,IF(COUNTIF('2026년휴일'!$B:$B,$B108)>0,참조!$D$2,참조!$D$3))) -> 休 | H108: =IF($G108=참조!$D$3,참조!$E$3,참조!$E$2) -> 5000 | I108: =SUMIFS(지출기록_4월!$H$3:$H$312,지출기록_4월!$E$3:$E$312,B108,지출기록_4월!$F$3:$F$312,참조!$F$2) -> 0 | J108: =SUMIFS(지출기록_4월!$H$3:$H$312,지출기록_4월!$E$3:$E$312,B108,지출기록_4월!$F$3:$F$312,참조!$F$3) -> 0 | K108: =I108-J108 -> 0 | L108: =IF(B108>$B$2,H108,K108) -> 0 | M108: =$H108-$K108 -> 5000
... B126: =DATE($A$1,C126,D126) -> 46142 | C126: 4 | D126: 30 | E126: =WEEKDAY(B126) -> 5 | F126: =IF($E126=참조!$B$2,참조!$C$2,IF($E126=참조!$B$3,참조!$C$3,IF($E126=참조!$B$4,참조!$C$4,IF($E126=참조!$B$5,참조!$C$5,IF($E126=참조!$B$6,참조!$C$6,IF($E126=참조!$B$7,참조!$C$7,IF($E126=참조!$B$8,참조!$C$8,""))))))) -> 木 | G126: =IF($F126=참조!$C$2,참조!$D$2,IF($F126=참조!$C$8,참조!$D$2,IF(COUNTIF('2026년휴일'!$B:$B,$B126)>0,참조!$D$2,참조!$D$3))) -> 勤 | H126: =IF($G126=참조!$D$3,참조!$E$3,참조!$E$2) -> 1000 | I126: =SUMIFS(지출기록_4월!$H$3:$H$312,지출기록_4월!$E$3:$E$312,B126,지출기록_4월!$F$3:$F$312,참조!$F$2) -> 0 | J126: =SUMIFS(지출기록_4월!$H$3:$H$312,지출기록_4월!$E$3:$E$312,B126,지출기록_4월!$F$3:$F$312,참조!$F$3) -> 0 | K126: =I126-J126 -> 0 | L126: =IF(B126>$B$2,H126,K126) -> 0 | M126: =$H126-$K126 -> 1000
B127: =DATE($A$1,C127,D127) -> 46143 | C127: 5 | D127: 1 | E127: =WEEKDAY(B127) -> 6 | F127: =IF($E127=참조!$B$2,참조!$C$2,IF($E127=참조!$B$3,참조!$C$3,IF($E127=참조!$B$4,참조!$C$4,IF($E127=참조!$B$5,참조!$C$5,IF($E127=참조!$B$6,참조!$C$6,IF($E127=참조!$B$7,참조!$C$7,IF($E127=참조!$B$8,참조!$C$8,""))))))) -> 金 | G127: =IF($F127=참조!$C$2,참조!$D$2,IF($F127=참조!$C$8,참조!$D$2,IF(COUNTIF('2026년휴일'!$B:$B,$B127)>0,참조!$D$2,참조!$D$3))) -> 勤 | H127: =IF($G127=참조!$D$3,참조!$E$3,참조!$E$2) -> 1000 | I127: =SUMIFS(지출기록_5월!$H$3:$H$312,지출기록_5월!$E$3:$E$312,B127,지출기록_5월!$F$3:$F$312,참조!$F$2) -> 0 | J127: =SUMIFS(지출기록_5월!$H$3:$H$312,지출기록_5월!$E$3:$E$312,B127,지출기록_5월!$F$3:$F$312,참조!$F$3) -> 0 | K127: =I127-J127 -> 0 | L127: =IF(B127>$B$2,H127,K127) -> 0 | M127: =$H127-$K127 -> 1000
B128: =DATE($A$1,C128,D128) -> 46144 | C128: 5 | D128: 2 | E128: =WEEKDAY(B128) -> 7 | F128: =IF($E128=참조!$B$2,참조!$C$2,IF($E128=참조!$B$3,참조!$C$3,IF($E128=참조!$B$4,참조!$C$4,IF($E128=참조!$B$5,참조!$C$5,IF($E128=참조!$B$6,참조!$C$6,IF($E128=참조!$B$7,참조!$C$7,IF($E128=참조!$B$8,참조!$C$8,""))))))) -> 土 | G128: =IF($F128=참조!$C$2,참조!$D$2,IF($F128=참조!$C$8,참조!$D$2,IF(COUNTIF('2026년휴일'!$B:$B,$B128)>0,참조!$D$2,참조!$D$3))) -> 休 | H128: =IF($G128=참조!$D$3,참조!$E$3,참조!$E$2) -> 5000 | I128: =SUMIFS(지출기록_5월!$H$3:$H$312,지출기록_5월!$E$3:$E$312,B128,지출기록_5월!$F$3:$F$312,참조!$F$2) -> 0 | J128: =SUMIFS(지출기록_5월!$H$3:$H$312,지출기록_5월!$E$3:$E$312,B128,지출기록_5월!$F$3:$F$312,참조!$F$3) -> 0 | K128: =I128-J128 -> 0 | L128: =IF(B128>$B$2,H128,K128) -> 0 | M128: =$H128-$K128 -> 5000
B129: =DATE($A$1,C129,D129) -> 46145 | C129: 5 | D129: 3 | E129: =WEEKDAY(B129) -> 1 | F129: =IF($E129=참조!$B$2,참조!$C$2,IF($E129=참조!$B$3,참조!$C$3,IF($E129=참조!$B$4,참조!$C$4,IF($E129=참조!$B$5,참조!$C$5,IF($E129=참조!$B$6,참조!$C$6,IF($E129=참조!$B$7,참조!$C$7,IF($E129=참조!$B$8,참조!$C$8,""))))))) -> 日 | G129: =IF($F129=참조!$C$2,참조!$D$2,IF($F129=참조!$C$8,참조!$D$2,IF(COUNTIF('2026년휴일'!$B:$B,$B129)>0,참조!$D$2,참조!$D$3))) -> 休 | H129: =IF($G129=참조!$D$3,참조!$E$3,참조!$E$2) -> 5000 | I129: =SUMIFS(지출기록_5월!$H$3:$H$312,지출기록_5월!$E$3:$E$312,B129,지출기록_5월!$F$3:$F$312,참조!$F$2) -> 0 | J129: =SUMIFS(지출기록_5월!$H$3:$H$312,지출기록_5월!$E$3:$E$312,B129,지출기록_5월!$F$3:$F$312,참조!$F$3) -> 0 | K129: =I129-J129 -> 0 | L129: =IF(B129>$B$2,H129,K129) -> 0 | M129: =$H129-$K129 -> 5000
B130: =DATE($A$1,C130,D130) -> 46146 | C130: 5 | D130: 4 | E130: =WEEKDAY(B130) -> 2 | F130: =IF($E130=참조!$B$2,참조!$C$2,IF($E130=참조!$B$3,참조!$C$3,IF($E130=참조!$B$4,참조!$C$4,IF($E130=참조!$B$5,참조!$C$5,IF($E130=참조!$B$6,참조!$C$6,IF($E130=참조!$B$7,참조!$C$7,IF($E130=참조!$B$8,참조!$C$8,""))))))) -> 月 | G130: =IF($F130=참조!$C$2,참조!$D$2,IF($F130=참조!$C$8,참조!$D$2,IF(COUNTIF('2026년휴일'!$B:$B,$B130)>0,참조!$D$2,참조!$D$3))) -> 休 | H130: =IF($G130=참조!$D$3,참조!$E$3,참조!$E$2) -> 5000 | I130: =SUMIFS(지출기록_5월!$H$3:$H$312,지출기록_5월!$E$3:$E$312,B130,지출기록_5월!$F$3:$F$312,참조!$F$2) -> 0 | J130: =SUMIFS(지출기록_5월!$H$3:$H$312,지출기록_5월!$E$3:$E$312,B130,지출기록_5월!$F$3:$F$312,참조!$F$3) -> 0 | K130: =I130-J130 -> 0 | L130: =IF(B130>$B$2,H130,K130) -> 0 | M130: =$H130-$K130 -> 5000
B131: =DATE($A$1,C131,D131) -> 46147 | C131: 5 | D131: 5 | E131: =WEEKDAY(B131) -> 3 | F131: =IF($E131=참조!$B$2,참조!$C$2,IF($E131=참조!$B$3,참조!$C$3,IF($E131=참조!$B$4,참조!$C$4,IF($E131=참조!$B$5,참조!$C$5,IF($E131=참조!$B$6,참조!$C$6,IF($E131=참조!$B$7,참조!$C$7,IF($E131=참조!$B$8,참조!$C$8,""))))))) -> 火 | G131: =IF($F131=참조!$C$2,참조!$D$2,IF($F131=참조!$C$8,참조!$D$2,IF(COUNTIF('2026년휴일'!$B:$B,$B131)>0,참조!$D$2,참조!$D$3))) -> 休 | H131: =IF($G131=참조!$D$3,참조!$E$3,참조!$E$2) -> 5000 | I131: =SUMIFS(지출기록_5월!$H$3:$H$312,지출기록_5월!$E$3:$E$312,B131,지출기록_5월!$F$3:$F$312,참조!$F$2) -> 0 | J131: =SUMIFS(지출기록_5월!$H$3:$H$312,지출기록_5월!$E$3:$E$312,B131,지출기록_5월!$F$3:$F$312,참조!$F$3) -> 0 | K131: =I131-J131 -> 0 | L131: =IF(B131>$B$2,H131,K131) -> 0 | M131: =$H131-$K131 -> 5000
B132: =DATE($A$1,C132,D132) -> 46148 | C132: 5 | D132: 6 | E132: =WEEKDAY(B132) -> 4 | F132: =IF($E132=참조!$B$2,참조!$C$2,IF($E132=참조!$B$3,참조!$C$3,IF($E132=참조!$B$4,참조!$C$4,IF($E132=참조!$B$5,참조!$C$5,IF($E132=참조!$B$6,참조!$C$6,IF($E132=참조!$B$7,참조!$C$7,IF($E132=참조!$B$8,참조!$C$8,""))))))) -> 水 | G132: =IF($F132=참조!$C$2,참조!$D$2,IF($F132=참조!$C$8,참조!$D$2,IF(COUNTIF('2026년휴일'!$B:$B,$B132)>0,참조!$D$2,참조!$D$3))) -> 休 | H132: =IF($G132=참조!$D$3,참조!$E$3,참조!$E$2) -> 5000 | I132: =SUMIFS(지출기록_5월!$H$3:$H$312,지출기록_5월!$E$3:$E$312,B132,지출기록_5월!$F$3:$F$312,참조!$F$2) -> 0 | J132: =SUMIFS(지출기록_5월!$H$3:$H$312,지출기록_5월!$E$3:$E$312,B132,지출기록_5월!$F$3:$F$312,참조!$F$3) -> 0 | K132: =I132-J132 -> 0 | L132: =IF(B132>$B$2,H132,K132) -> 0 | M132: =$H132-$K132 -> 5000
B133: =DATE($A$1,C133,D133) -> 46149 | C133: 5 | D133: 7 | E133: =WEEKDAY(B133) -> 5 | F133: =IF($E133=참조!$B$2,참조!$C$2,IF($E133=참조!$B$3,참조!$C$3,IF($E133=참조!$B$4,참조!$C$4,IF($E133=참조!$B$5,참조!$C$5,IF($E133=참조!$B$6,참조!$C$6,IF($E133=참조!$B$7,참조!$C$7,IF($E133=참조!$B$8,참조!$C$8,""))))))) -> 木 | G133: =IF($F133=참조!$C$2,참조!$D$2,IF($F133=참조!$C$8,참조!$D$2,IF(COUNTIF('2026년휴일'!$B:$B,$B133)>0,참조!$D$2,참조!$D$3))) -> 勤 | H133: =IF($G133=참조!$D$3,참조!$E$3,참조!$E$2) -> 1000 | I133: =SUMIFS(지출기록_5월!$H$3:$H$312,지출기록_5월!$E$3:$E$312,B133,지출기록_5월!$F$3:$F$312,참조!$F$2) -> 0 | J133: =SUMIFS(지출기록_5월!$H$3:$H$312,지출기록_5월!$E$3:$E$312,B133,지출기록_5월!$F$3:$F$312,참조!$F$3) -> 0 | K133: =I133-J133 -> 0 | L133: =IF(B133>$B$2,H133,K133) -> 0 | M133: =$H133-$K133 -> 1000
B134: =DATE($A$1,C134,D134) -> 46150 | C134: 5 | D134: 8 | E134: =WEEKDAY(B134) -> 6 | F134: =IF($E134=참조!$B$2,참조!$C$2,IF($E134=참조!$B$3,참조!$C$3,IF($E134=참조!$B$4,참조!$C$4,IF($E134=참조!$B$5,참조!$C$5,IF($E134=참조!$B$6,참조!$C$6,IF($E134=참조!$B$7,참조!$C$7,IF($E134=참조!$B$8,참조!$C$8,""))))))) -> 金 | G134: =IF($F134=참조!$C$2,참조!$D$2,IF($F134=참조!$C$8,참조!$D$2,IF(COUNTIF('2026년휴일'!$B:$B,$B134)>0,참조!$D$2,참조!$D$3))) -> 勤 | H134: =IF($G134=참조!$D$3,참조!$E$3,참조!$E$2) -> 1000 | I134: =SUMIFS(지출기록_5월!$H$3:$H$312,지출기록_5월!$E$3:$E$312,B134,지출기록_5월!$F$3:$F$312,참조!$F$2) -> 0 | J134: =SUMIFS(지출기록_5월!$H$3:$H$312,지출기록_5월!$E$3:$E$312,B134,지출기록_5월!$F$3:$F$312,참조!$F$3) -> 0 | K134: =I134-J134 -> 0 | L134: =IF(B134>$B$2,H134,K134) -> 0 | M134: =$H134-$K134 -> 1000
B135: =DATE($A$1,C135,D135) -> 46151 | C135: 5 | D135: 9 | E135: =WEEKDAY(B135) -> 7 | F135: =IF($E135=참조!$B$2,참조!$C$2,IF($E135=참조!$B$3,참조!$C$3,IF($E135=참조!$B$4,참조!$C$4,IF($E135=참조!$B$5,참조!$C$5,IF($E135=참조!$B$6,참조!$C$6,IF($E135=참조!$B$7,참조!$C$7,IF($E135=참조!$B$8,참조!$C$8,""))))))) -> 土 | G135: =IF($F135=참조!$C$2,참조!$D$2,IF($F135=참조!$C$8,참조!$D$2,IF(COUNTIF('2026년휴일'!$B:$B,$B135)>0,참조!$D$2,참조!$D$3))) -> 休 | H135: =IF($G135=참조!$D$3,참조!$E$3,참조!$E$2) -> 5000 | I135: =SUMIFS(지출기록_5월!$H$3:$H$312,지출기록_5월!$E$3:$E$312,B135,지출기록_5월!$F$3:$F$312,참조!$F$2) -> 0 | J135: =SUMIFS(지출기록_5월!$H$3:$H$312,지출기록_5월!$E$3:$E$312,B135,지출기록_5월!$F$3:$F$312,참조!$F$3) -> 0 | K135: =I135-J135 -> 0 | L135: =IF(B135>$B$2,H135,K135) -> 0 | M135: =$H135-$K135 -> 5000
B136: =DATE($A$1,C136,D136) -> 46152 | C136: 5 | D136: 10 | E136: =WEEKDAY(B136) -> 1 | F136: =IF($E136=참조!$B$2,참조!$C$2,IF($E136=참조!$B$3,참조!$C$3,IF($E136=참조!$B$4,참조!$C$4,IF($E136=참조!$B$5,참조!$C$5,IF($E136=참조!$B$6,참조!$C$6,IF($E136=참조!$B$7,참조!$C$7,IF($E136=참조!$B$8,참조!$C$8,""))))))) -> 日 | G136: =IF($F136=참조!$C$2,참조!$D$2,IF($F136=참조!$C$8,참조!$D$2,IF(COUNTIF('2026년휴일'!$B:$B,$B136)>0,참조!$D$2,참조!$D$3))) -> 休 | H136: =IF($G136=참조!$D$3,참조!$E$3,참조!$E$2) -> 5000 | I136: =SUMIFS(지출기록_5월!$H$3:$H$312,지출기록_5월!$E$3:$E$312,B136,지출기록_5월!$F$3:$F$312,참조!$F$2) -> 0 | J136: =SUMIFS(지출기록_5월!$H$3:$H$312,지출기록_5월!$E$3:$E$312,B136,지출기록_5월!$F$3:$F$312,참조!$F$3) -> 0 | K136: =I136-J136 -> 0 | L136: =IF(B136>$B$2,H136,K136) -> 0 | M136: =$H136-$K136 -> 5000
B137: =DATE($A$1,C137,D137) -> 46153 | C137: 5 | D137: 11 | E137: =WEEKDAY(B137) -> 2 | F137: =IF($E137=참조!$B$2,참조!$C$2,IF($E137=참조!$B$3,참조!$C$3,IF($E137=참조!$B$4,참조!$C$4,IF($E137=참조!$B$5,참조!$C$5,IF($E137=참조!$B$6,참조!$C$6,IF($E137=참조!$B$7,참조!$C$7,IF($E137=참조!$B$8,참조!$C$8,""))))))) -> 月 | G137: =IF($F137=참조!$C$2,참조!$D$2,IF($F137=참조!$C$8,참조!$D$2,IF(COUNTIF('2026년휴일'!$B:$B,$B137)>0,참조!$D$2,참조!$D$3))) -> 勤 | H137: =IF($G137=참조!$D$3,참조!$E$3,참조!$E$2) -> 1000 | I137: =SUMIFS(지출기록_5월!$H$3:$H$312,지출기록_5월!$E$3:$E$312,B137,지출기록_5월!$F$3:$F$312,참조!$F$2) -> 0 | J137: =SUMIFS(지출기록_5월!$H$3:$H$312,지출기록_5월!$E$3:$E$312,B137,지출기록_5월!$F$3:$F$312,참조!$F$3) -> 0 | K137: =I137-J137 -> 0 | L137: =IF(B137>$B$2,H137,K137) -> 0 | M137: =$H137-$K137 -> 1000
B138: =DATE($A$1,C138,D138) -> 46154 | C138: 5 | D138: 12 | E138: =WEEKDAY(B138) -> 3 | F138: =IF($E138=참조!$B$2,참조!$C$2,IF($E138=참조!$B$3,참조!$C$3,IF($E138=참조!$B$4,참조!$C$4,IF($E138=참조!$B$5,참조!$C$5,IF($E138=참조!$B$6,참조!$C$6,IF($E138=참조!$B$7,참조!$C$7,IF($E138=참조!$B$8,참조!$C$8,""))))))) -> 火 | G138: =IF($F138=참조!$C$2,참조!$D$2,IF($F138=참조!$C$8,참조!$D$2,IF(COUNTIF('2026년휴일'!$B:$B,$B138)>0,참조!$D$2,참조!$D$3))) -> 勤 | H138: =IF($G138=참조!$D$3,참조!$E$3,참조!$E$2) -> 1000 | I138: =SUMIFS(지출기록_5월!$H$3:$H$312,지출기록_5월!$E$3:$E$312,B138,지출기록_5월!$F$3:$F$312,참조!$F$2) -> 0 | J138: =SUMIFS(지출기록_5월!$H$3:$H$312,지출기록_5월!$E$3:$E$312,B138,지출기록_5월!$F$3:$F$312,참조!$F$3) -> 0 | K138: =I138-J138 -> 0 | L138: =IF(B138>$B$2,H138,K138) -> 0 | M138: =$H138-$K138 -> 1000
... B157: =DATE($A$1,C157,D157) -> 46173 | C157: 5 | D157: 31 | E157: =WEEKDAY(B157) -> 1 | F157: =IF($E157=참조!$B$2,참조!$C$2,IF($E157=참조!$B$3,참조!$C$3,IF($E157=참조!$B$4,참조!$C$4,IF($E157=참조!$B$5,참조!$C$5,IF($E157=참조!$B$6,참조!$C$6,IF($E157=참조!$B$7,참조!$C$7,IF($E157=참조!$B$8,참조!$C$8,""))))))) -> 日 | G157: =IF($F157=참조!$C$2,참조!$D$2,IF($F157=참조!$C$8,참조!$D$2,IF(COUNTIF('2026년휴일'!$B:$B,$B157)>0,참조!$D$2,참조!$D$3))) -> 休 | H157: =IF($G157=참조!$D$3,참조!$E$3,참조!$E$2) -> 5000 | I157: =SUMIFS(지출기록_5월!$H$3:$H$312,지출기록_5월!$E$3:$E$312,B157,지출기록_5월!$F$3:$F$312,참조!$F$2) -> 0 | J157: =SUMIFS(지출기록_5월!$H$3:$H$312,지출기록_5월!$E$3:$E$312,B157,지출기록_5월!$F$3:$F$312,참조!$F$3) -> 0 | K157: =I157-J157 -> 0 | L157: =IF(B157>$B$2,H157,K157) -> 5000 | M157: =$H157-$K157 -> 5000
B158: =DATE($A$1,C158,D158) -> 46174 | C158: 6 | D158: 1 | E158: =WEEKDAY(B158) -> 2 | F158: =IF($E158=참조!$B$2,참조!$C$2,IF($E158=참조!$B$3,참조!$C$3,IF($E158=참조!$B$4,참조!$C$4,IF($E158=참조!$B$5,참조!$C$5,IF($E158=참조!$B$6,참조!$C$6,IF($E158=참조!$B$7,참조!$C$7,IF($E158=참조!$B$8,참조!$C$8,""))))))) -> 月 | G158: =IF($F158=참조!$C$2,참조!$D$2,IF($F158=참조!$C$8,참조!$D$2,IF(COUNTIF('2026년휴일'!$B:$B,$B158)>0,참조!$D$2,참조!$D$3))) -> 勤 | H158: =IF($G158=참조!$D$3,참조!$E$3,참조!$E$2) -> 1000 | I158: =SUMIFS(지출기록_6월!$H$3:$H$312,지출기록_6월!$E$3:$E$312,B158,지출기록_6월!$F$3:$F$312,참조!$F$2) -> 0 | J158: =SUMIFS(지출기록_6월!$H$3:$H$312,지출기록_6월!$E$3:$E$312,B158,지출기록_6월!$F$3:$F$312,참조!$F$3) -> 0 | K158: =I158-J158 -> 0 | L158: =IF(B158>$B$2,H158,K158) -> 1000 | M158: =$H158-$K158 -> 1000
B159: =DATE($A$1,C159,D159) -> 46175 | C159: 6 | D159: 2 | E159: =WEEKDAY(B159) -> 3 | F159: =IF($E159=참조!$B$2,참조!$C$2,IF($E159=참조!$B$3,참조!$C$3,IF($E159=참조!$B$4,참조!$C$4,IF($E159=참조!$B$5,참조!$C$5,IF($E159=참조!$B$6,참조!$C$6,IF($E159=참조!$B$7,참조!$C$7,IF($E159=참조!$B$8,참조!$C$8,""))))))) -> 火 | G159: =IF($F159=참조!$C$2,참조!$D$2,IF($F159=참조!$C$8,참조!$D$2,IF(COUNTIF('2026년휴일'!$B:$B,$B159)>0,참조!$D$2,참조!$D$3))) -> 勤 | H159: =IF($G159=참조!$D$3,참조!$E$3,참조!$E$2) -> 1000 | I159: =SUMIFS(지출기록_6월!$H$3:$H$312,지출기록_6월!$E$3:$E$312,B159,지출기록_6월!$F$3:$F$312,참조!$F$2) -> 0 | J159: =SUMIFS(지출기록_6월!$H$3:$H$312,지출기록_6월!$E$3:$E$312,B159,지출기록_6월!$F$3:$F$312,참조!$F$3) -> 0 | K159: =I159-J159 -> 0 | L159: =IF(B159>$B$2,H159,K159) -> 1000 | M159: =$H159-$K159 -> 1000
B160: =DATE($A$1,C160,D160) -> 46176 | C160: 6 | D160: 3 | E160: =WEEKDAY(B160) -> 4 | F160: =IF($E160=참조!$B$2,참조!$C$2,IF($E160=참조!$B$3,참조!$C$3,IF($E160=참조!$B$4,참조!$C$4,IF($E160=참조!$B$5,참조!$C$5,IF($E160=참조!$B$6,참조!$C$6,IF($E160=참조!$B$7,참조!$C$7,IF($E160=참조!$B$8,참조!$C$8,""))))))) -> 水 | G160: =IF($F160=참조!$C$2,참조!$D$2,IF($F160=참조!$C$8,참조!$D$2,IF(COUNTIF('2026년휴일'!$B:$B,$B160)>0,참조!$D$2,참조!$D$3))) -> 勤 | H160: =IF($G160=참조!$D$3,참조!$E$3,참조!$E$2) -> 1000 | I160: =SUMIFS(지출기록_6월!$H$3:$H$312,지출기록_6월!$E$3:$E$312,B160,지출기록_6월!$F$3:$F$312,참조!$F$2) -> 0 | J160: =SUMIFS(지출기록_6월!$H$3:$H$312,지출기록_6월!$E$3:$E$312,B160,지출기록_6월!$F$3:$F$312,참조!$F$3) -> 0 | K160: =I160-J160 -> 0 | L160: =IF(B160>$B$2,H160,K160) -> 1000 | M160: =$H160-$K160 -> 1000
B161: =DATE($A$1,C161,D161) -> 46177 | C161: 6 | D161: 4 | E161: =WEEKDAY(B161) -> 5 | F161: =IF($E161=참조!$B$2,참조!$C$2,IF($E161=참조!$B$3,참조!$C$3,IF($E161=참조!$B$4,참조!$C$4,IF($E161=참조!$B$5,참조!$C$5,IF($E161=참조!$B$6,참조!$C$6,IF($E161=참조!$B$7,참조!$C$7,IF($E161=참조!$B$8,참조!$C$8,""))))))) -> 木 | G161: =IF($F161=참조!$C$2,참조!$D$2,IF($F161=참조!$C$8,참조!$D$2,IF(COUNTIF('2026년휴일'!$B:$B,$B161)>0,참조!$D$2,참조!$D$3))) -> 勤 | H161: =IF($G161=참조!$D$3,참조!$E$3,참조!$E$2) -> 1000 | I161: =SUMIFS(지출기록_6월!$H$3:$H$312,지출기록_6월!$E$3:$E$312,B161,지출기록_6월!$F$3:$F$312,참조!$F$2) -> 0 | J161: =SUMIFS(지출기록_6월!$H$3:$H$312,지출기록_6월!$E$3:$E$312,B161,지출기록_6월!$F$3:$F$312,참조!$F$3) -> 0 | K161: =I161-J161 -> 0 | L161: =IF(B161>$B$2,H161,K161) -> 1000 | M161: =$H161-$K161 -> 1000
B162: =DATE($A$1,C162,D162) -> 46178 | C162: 6 | D162: 5 | E162: =WEEKDAY(B162) -> 6 | F162: =IF($E162=참조!$B$2,참조!$C$2,IF($E162=참조!$B$3,참조!$C$3,IF($E162=참조!$B$4,참조!$C$4,IF($E162=참조!$B$5,참조!$C$5,IF($E162=참조!$B$6,참조!$C$6,IF($E162=참조!$B$7,참조!$C$7,IF($E162=참조!$B$8,참조!$C$8,""))))))) -> 金 | G162: =IF($F162=참조!$C$2,참조!$D$2,IF($F162=참조!$C$8,참조!$D$2,IF(COUNTIF('2026년휴일'!$B:$B,$B162)>0,참조!$D$2,참조!$D$3))) -> 勤 | H162: =IF($G162=참조!$D$3,참조!$E$3,참조!$E$2) -> 1000 | I162: =SUMIFS(지출기록_6월!$H$3:$H$312,지출기록_6월!$E$3:$E$312,B162,지출기록_6월!$F$3:$F$312,참조!$F$2) -> 0 | J162: =SUMIFS(지출기록_6월!$H$3:$H$312,지출기록_6월!$E$3:$E$312,B162,지출기록_6월!$F$3:$F$312,참조!$F$3) -> 0 | K162: =I162-J162 -> 0 | L162: =IF(B162>$B$2,H162,K162) -> 1000 | M162: =$H162-$K162 -> 1000
B163: =DATE($A$1,C163,D163) -> 46179 | C163: 6 | D163: 6 | E163: =WEEKDAY(B163) -> 7 | F163: =IF($E163=참조!$B$2,참조!$C$2,IF($E163=참조!$B$3,참조!$C$3,IF($E163=참조!$B$4,참조!$C$4,IF($E163=참조!$B$5,참조!$C$5,IF($E163=참조!$B$6,참조!$C$6,IF($E163=참조!$B$7,참조!$C$7,IF($E163=참조!$B$8,참조!$C$8,""))))))) -> 土 | G163: =IF($F163=참조!$C$2,참조!$D$2,IF($F163=참조!$C$8,참조!$D$2,IF(COUNTIF('2026년휴일'!$B:$B,$B163)>0,참조!$D$2,참조!$D$3))) -> 休 | H163: =IF($G163=참조!$D$3,참조!$E$3,참조!$E$2) -> 5000 | I163: =SUMIFS(지출기록_6월!$H$3:$H$312,지출기록_6월!$E$3:$E$312,B163,지출기록_6월!$F$3:$F$312,참조!$F$2) -> 0 | J163: =SUMIFS(지출기록_6월!$H$3:$H$312,지출기록_6월!$E$3:$E$312,B163,지출기록_6월!$F$3:$F$312,참조!$F$3) -> 0 | K163: =I163-J163 -> 0 | L163: =IF(B163>$B$2,H163,K163) -> 5000 | M163: =$H163-$K163 -> 5000
B164: =DATE($A$1,C164,D164) -> 46180 | C164: 6 | D164: 7 | E164: =WEEKDAY(B164) -> 1 | F164: =IF($E164=참조!$B$2,참조!$C$2,IF($E164=참조!$B$3,참조!$C$3,IF($E164=참조!$B$4,참조!$C$4,IF($E164=참조!$B$5,참조!$C$5,IF($E164=참조!$B$6,참조!$C$6,IF($E164=참조!$B$7,참조!$C$7,IF($E164=참조!$B$8,참조!$C$8,""))))))) -> 日 | G164: =IF($F164=참조!$C$2,참조!$D$2,IF($F164=참조!$C$8,참조!$D$2,IF(COUNTIF('2026년휴일'!$B:$B,$B164)>0,참조!$D$2,참조!$D$3))) -> 休 | H164: =IF($G164=참조!$D$3,참조!$E$3,참조!$E$2) -> 5000 | I164: =SUMIFS(지출기록_6월!$H$3:$H$312,지출기록_6월!$E$3:$E$312,B164,지출기록_6월!$F$3:$F$312,참조!$F$2) -> 0 | J164: =SUMIFS(지출기록_6월!$H$3:$H$312,지출기록_6월!$E$3:$E$312,B164,지출기록_6월!$F$3:$F$312,참조!$F$3) -> 0 | K164: =I164-J164 -> 0 | L164: =IF(B164>$B$2,H164,K164) -> 5000 | M164: =$H164-$K164 -> 5000
B165: =DATE($A$1,C165,D165) -> 46181 | C165: 6 | D165: 8 | E165: =WEEKDAY(B165) -> 2 | F165: =IF($E165=참조!$B$2,참조!$C$2,IF($E165=참조!$B$3,참조!$C$3,IF($E165=참조!$B$4,참조!$C$4,IF($E165=참조!$B$5,참조!$C$5,IF($E165=참조!$B$6,참조!$C$6,IF($E165=참조!$B$7,참조!$C$7,IF($E165=참조!$B$8,참조!$C$8,""))))))) -> 月 | G165: =IF($F165=참조!$C$2,참조!$D$2,IF($F165=참조!$C$8,참조!$D$2,IF(COUNTIF('2026년휴일'!$B:$B,$B165)>0,참조!$D$2,참조!$D$3))) -> 勤 | H165: =IF($G165=참조!$D$3,참조!$E$3,참조!$E$2) -> 1000 | I165: =SUMIFS(지출기록_6월!$H$3:$H$312,지출기록_6월!$E$3:$E$312,B165,지출기록_6월!$F$3:$F$312,참조!$F$2) -> 0 | J165: =SUMIFS(지출기록_6월!$H$3:$H$312,지출기록_6월!$E$3:$E$312,B165,지출기록_6월!$F$3:$F$312,참조!$F$3) -> 0 | K165: =I165-J165 -> 0 | L165: =IF(B165>$B$2,H165,K165) -> 1000 | M165: =$H165-$K165 -> 1000
B166: =DATE($A$1,C166,D166) -> 46182 | C166: 6 | D166: 9 | E166: =WEEKDAY(B166) -> 3 | F166: =IF($E166=참조!$B$2,참조!$C$2,IF($E166=참조!$B$3,참조!$C$3,IF($E166=참조!$B$4,참조!$C$4,IF($E166=참조!$B$5,참조!$C$5,IF($E166=참조!$B$6,참조!$C$6,IF($E166=참조!$B$7,참조!$C$7,IF($E166=참조!$B$8,참조!$C$8,""))))))) -> 火 | G166: =IF($F166=참조!$C$2,참조!$D$2,IF($F166=참조!$C$8,참조!$D$2,IF(COUNTIF('2026년휴일'!$B:$B,$B166)>0,참조!$D$2,참조!$D$3))) -> 勤 | H166: =IF($G166=참조!$D$3,참조!$E$3,참조!$E$2) -> 1000 | I166: =SUMIFS(지출기록_6월!$H$3:$H$312,지출기록_6월!$E$3:$E$312,B166,지출기록_6월!$F$3:$F$312,참조!$F$2) -> 0 | J166: =SUMIFS(지출기록_6월!$H$3:$H$312,지출기록_6월!$E$3:$E$312,B166,지출기록_6월!$F$3:$F$312,참조!$F$3) -> 0 | K166: =I166-J166 -> 0 | L166: =IF(B166>$B$2,H166,K166) -> 1000 | M166: =$H166-$K166 -> 1000
B167: =DATE($A$1,C167,D167) -> 46183 | C167: 6 | D167: 10 | E167: =WEEKDAY(B167) -> 4 | F167: =IF($E167=참조!$B$2,참조!$C$2,IF($E167=참조!$B$3,참조!$C$3,IF($E167=참조!$B$4,참조!$C$4,IF($E167=참조!$B$5,참조!$C$5,IF($E167=참조!$B$6,참조!$C$6,IF($E167=참조!$B$7,참조!$C$7,IF($E167=참조!$B$8,참조!$C$8,""))))))) -> 水 | G167: =IF($F167=참조!$C$2,참조!$D$2,IF($F167=참조!$C$8,참조!$D$2,IF(COUNTIF('2026년휴일'!$B:$B,$B167)>0,참조!$D$2,참조!$D$3))) -> 勤 | H167: =IF($G167=참조!$D$3,참조!$E$3,참조!$E$2) -> 1000 | I167: =SUMIFS(지출기록_6월!$H$3:$H$312,지출기록_6월!$E$3:$E$312,B167,지출기록_6월!$F$3:$F$312,참조!$F$2) -> 0 | J167: =SUMIFS(지출기록_6월!$H$3:$H$312,지출기록_6월!$E$3:$E$312,B167,지출기록_6월!$F$3:$F$312,참조!$F$3) -> 0 | K167: =I167-J167 -> 0 | L167: =IF(B167>$B$2,H167,K167) -> 1000 | M167: =$H167-$K167 -> 1000
B168: =DATE($A$1,C168,D168) -> 46184 | C168: 6 | D168: 11 | E168: =WEEKDAY(B168) -> 5 | F168: =IF($E168=참조!$B$2,참조!$C$2,IF($E168=참조!$B$3,참조!$C$3,IF($E168=참조!$B$4,참조!$C$4,IF($E168=참조!$B$5,참조!$C$5,IF($E168=참조!$B$6,참조!$C$6,IF($E168=참조!$B$7,참조!$C$7,IF($E168=참조!$B$8,참조!$C$8,""))))))) -> 木 | G168: =IF($F168=참조!$C$2,참조!$D$2,IF($F168=참조!$C$8,참조!$D$2,IF(COUNTIF('2026년휴일'!$B:$B,$B168)>0,참조!$D$2,참조!$D$3))) -> 勤 | H168: =IF($G168=참조!$D$3,참조!$E$3,참조!$E$2) -> 1000 | I168: =SUMIFS(지출기록_6월!$H$3:$H$312,지출기록_6월!$E$3:$E$312,B168,지출기록_6월!$F$3:$F$312,참조!$F$2) -> 0 | J168: =SUMIFS(지출기록_6월!$H$3:$H$312,지출기록_6월!$E$3:$E$312,B168,지출기록_6월!$F$3:$F$312,참조!$F$3) -> 0 | K168: =I168-J168 -> 0 | L168: =IF(B168>$B$2,H168,K168) -> 1000 | M168: =$H168-$K168 -> 1000
B169: =DATE($A$1,C169,D169) -> 46185 | C169: 6 | D169: 12 | E169: =WEEKDAY(B169) -> 6 | F169: =IF($E169=참조!$B$2,참조!$C$2,IF($E169=참조!$B$3,참조!$C$3,IF($E169=참조!$B$4,참조!$C$4,IF($E169=참조!$B$5,참조!$C$5,IF($E169=참조!$B$6,참조!$C$6,IF($E169=참조!$B$7,참조!$C$7,IF($E169=참조!$B$8,참조!$C$8,""))))))) -> 金 | G169: =IF($F169=참조!$C$2,참조!$D$2,IF($F169=참조!$C$8,참조!$D$2,IF(COUNTIF('2026년휴일'!$B:$B,$B169)>0,참조!$D$2,참조!$D$3))) -> 勤 | H169: =IF($G169=참조!$D$3,참조!$E$3,참조!$E$2) -> 1000 | I169: =SUMIFS(지출기록_6월!$H$3:$H$312,지출기록_6월!$E$3:$E$312,B169,지출기록_6월!$F$3:$F$312,참조!$F$2) -> 0 | J169: =SUMIFS(지출기록_6월!$H$3:$H$312,지출기록_6월!$E$3:$E$312,B169,지출기록_6월!$F$3:$F$312,참조!$F$3) -> 0 | K169: =I169-J169 -> 0 | L169: =IF(B169>$B$2,H169,K169) -> 1000 | M169: =$H169-$K169 -> 1000
... B187: =DATE($A$1,C187,D187) -> 46203 | C187: 6 | D187: 30 | E187: =WEEKDAY(B187) -> 3 | F187: =IF($E187=참조!$B$2,참조!$C$2,IF($E187=참조!$B$3,참조!$C$3,IF($E187=참조!$B$4,참조!$C$4,IF($E187=참조!$B$5,참조!$C$5,IF($E187=참조!$B$6,참조!$C$6,IF($E187=참조!$B$7,참조!$C$7,IF($E187=참조!$B$8,참조!$C$8,""))))))) -> 火 | G187: =IF($F187=참조!$C$2,참조!$D$2,IF($F187=참조!$C$8,참조!$D$2,IF(COUNTIF('2026년휴일'!$B:$B,$B187)>0,참조!$D$2,참조!$D$3))) -> 勤 | H187: =IF($G187=참조!$D$3,참조!$E$3,참조!$E$2) -> 1000 | I187: =SUMIFS(지출기록_6월!$H$3:$H$312,지출기록_6월!$E$3:$E$312,B187,지출기록_6월!$F$3:$F$312,참조!$F$2) -> 0 | J187: =SUMIFS(지출기록_6월!$H$3:$H$312,지출기록_6월!$E$3:$E$312,B187,지출기록_6월!$F$3:$F$312,참조!$F$3) -> 0 | K187: =I187-J187 -> 0 | L187: =IF(B187>$B$2,H187,K187) -> 1000 | M187: =$H187-$K187 -> 1000
B188: =DATE($A$1,C188,D188) -> 46204 | C188: 7 | D188: 1 | E188: =WEEKDAY(B188) -> 4 | F188: =IF($E188=참조!$B$2,참조!$C$2,IF($E188=참조!$B$3,참조!$C$3,IF($E188=참조!$B$4,참조!$C$4,IF($E188=참조!$B$5,참조!$C$5,IF($E188=참조!$B$6,참조!$C$6,IF($E188=참조!$B$7,참조!$C$7,IF($E188=참조!$B$8,참조!$C$8,""))))))) -> 水 | G188: =IF($F188=참조!$C$2,참조!$D$2,IF($F188=참조!$C$8,참조!$D$2,IF(COUNTIF('2026년휴일'!$B:$B,$B188)>0,참조!$D$2,참조!$D$3))) -> 勤 | H188: =IF($G188=참조!$D$3,참조!$E$3,참조!$E$2) -> 1000 | I188: =SUMIFS(지출기록_7월!$H$3:$H$312,지출기록_7월!$E$3:$E$312,B188,지출기록_7월!$F$3:$F$312,참조!$F$2) -> 0 | J188: =SUMIFS(지출기록_7월!$H$3:$H$312,지출기록_7월!$E$3:$E$312,B188,지출기록_7월!$F$3:$F$312,참조!$F$3) -> 0 | K188: =I188-J188 -> 0 | L188: =IF(B188>$B$2,H188,K188) -> 1000 | M188: =$H188-$K188 -> 1000
B189: =DATE($A$1,C189,D189) -> 46205 | C189: 7 | D189: 2 | E189: =WEEKDAY(B189) -> 5 | F189: =IF($E189=참조!$B$2,참조!$C$2,IF($E189=참조!$B$3,참조!$C$3,IF($E189=참조!$B$4,참조!$C$4,IF($E189=참조!$B$5,참조!$C$5,IF($E189=참조!$B$6,참조!$C$6,IF($E189=참조!$B$7,참조!$C$7,IF($E189=참조!$B$8,참조!$C$8,""))))))) -> 木 | G189: =IF($F189=참조!$C$2,참조!$D$2,IF($F189=참조!$C$8,참조!$D$2,IF(COUNTIF('2026년휴일'!$B:$B,$B189)>0,참조!$D$2,참조!$D$3))) -> 勤 | H189: =IF($G189=참조!$D$3,참조!$E$3,참조!$E$2) -> 1000 | I189: =SUMIFS(지출기록_7월!$H$3:$H$312,지출기록_7월!$E$3:$E$312,B189,지출기록_7월!$F$3:$F$312,참조!$F$2) -> 0 | J189: =SUMIFS(지출기록_7월!$H$3:$H$312,지출기록_7월!$E$3:$E$312,B189,지출기록_7월!$F$3:$F$312,참조!$F$3) -> 0 | K189: =I189-J189 -> 0 | L189: =IF(B189>$B$2,H189,K189) -> 1000 | M189: =$H189-$K189 -> 1000
B190: =DATE($A$1,C190,D190) -> 46206 | C190: 7 | D190: 3 | E190: =WEEKDAY(B190) -> 6 | F190: =IF($E190=참조!$B$2,참조!$C$2,IF($E190=참조!$B$3,참조!$C$3,IF($E190=참조!$B$4,참조!$C$4,IF($E190=참조!$B$5,참조!$C$5,IF($E190=참조!$B$6,참조!$C$6,IF($E190=참조!$B$7,참조!$C$7,IF($E190=참조!$B$8,참조!$C$8,""))))))) -> 金 | G190: =IF($F190=참조!$C$2,참조!$D$2,IF($F190=참조!$C$8,참조!$D$2,IF(COUNTIF('2026년휴일'!$B:$B,$B190)>0,참조!$D$2,참조!$D$3))) -> 勤 | H190: =IF($G190=참조!$D$3,참조!$E$3,참조!$E$2) -> 1000 | I190: =SUMIFS(지출기록_7월!$H$3:$H$312,지출기록_7월!$E$3:$E$312,B190,지출기록_7월!$F$3:$F$312,참조!$F$2) -> 0 | J190: =SUMIFS(지출기록_7월!$H$3:$H$312,지출기록_7월!$E$3:$E$312,B190,지출기록_7월!$F$3:$F$312,참조!$F$3) -> 0 | K190: =I190-J190 -> 0 | L190: =IF(B190>$B$2,H190,K190) -> 1000 | M190: =$H190-$K190 -> 1000
B191: =DATE($A$1,C191,D191) -> 46207 | C191: 7 | D191: 4 | E191: =WEEKDAY(B191) -> 7 | F191: =IF($E191=참조!$B$2,참조!$C$2,IF($E191=참조!$B$3,참조!$C$3,IF($E191=참조!$B$4,참조!$C$4,IF($E191=참조!$B$5,참조!$C$5,IF($E191=참조!$B$6,참조!$C$6,IF($E191=참조!$B$7,참조!$C$7,IF($E191=참조!$B$8,참조!$C$8,""))))))) -> 土 | G191: =IF($F191=참조!$C$2,참조!$D$2,IF($F191=참조!$C$8,참조!$D$2,IF(COUNTIF('2026년휴일'!$B:$B,$B191)>0,참조!$D$2,참조!$D$3))) -> 休 | H191: =IF($G191=참조!$D$3,참조!$E$3,참조!$E$2) -> 5000 | I191: =SUMIFS(지출기록_7월!$H$3:$H$312,지출기록_7월!$E$3:$E$312,B191,지출기록_7월!$F$3:$F$312,참조!$F$2) -> 0 | J191: =SUMIFS(지출기록_7월!$H$3:$H$312,지출기록_7월!$E$3:$E$312,B191,지출기록_7월!$F$3:$F$312,참조!$F$3) -> 0 | K191: =I191-J191 -> 0 | L191: =IF(B191>$B$2,H191,K191) -> 5000 | M191: =$H191-$K191 -> 5000
B192: =DATE($A$1,C192,D192) -> 46208 | C192: 7 | D192: 5 | E192: =WEEKDAY(B192) -> 1 | F192: =IF($E192=참조!$B$2,참조!$C$2,IF($E192=참조!$B$3,참조!$C$3,IF($E192=참조!$B$4,참조!$C$4,IF($E192=참조!$B$5,참조!$C$5,IF($E192=참조!$B$6,참조!$C$6,IF($E192=참조!$B$7,참조!$C$7,IF($E192=참조!$B$8,참조!$C$8,""))))))) -> 日 | G192: =IF($F192=참조!$C$2,참조!$D$2,IF($F192=참조!$C$8,참조!$D$2,IF(COUNTIF('2026년휴일'!$B:$B,$B192)>0,참조!$D$2,참조!$D$3))) -> 休 | H192: =IF($G192=참조!$D$3,참조!$E$3,참조!$E$2) -> 5000 | I192: =SUMIFS(지출기록_7월!$H$3:$H$312,지출기록_7월!$E$3:$E$312,B192,지출기록_7월!$F$3:$F$312,참조!$F$2) -> 0 | J192: =SUMIFS(지출기록_7월!$H$3:$H$312,지출기록_7월!$E$3:$E$312,B192,지출기록_7월!$F$3:$F$312,참조!$F$3) -> 0 | K192: =I192-J192 -> 0 | L192: =IF(B192>$B$2,H192,K192) -> 5000 | M192: =$H192-$K192 -> 5000
B193: =DATE($A$1,C193,D193) -> 46209 | C193: 7 | D193: 6 | E193: =WEEKDAY(B193) -> 2 | F193: =IF($E193=참조!$B$2,참조!$C$2,IF($E193=참조!$B$3,참조!$C$3,IF($E193=참조!$B$4,참조!$C$4,IF($E193=참조!$B$5,참조!$C$5,IF($E193=참조!$B$6,참조!$C$6,IF($E193=참조!$B$7,참조!$C$7,IF($E193=참조!$B$8,참조!$C$8,""))))))) -> 月 | G193: =IF($F193=참조!$C$2,참조!$D$2,IF($F193=참조!$C$8,참조!$D$2,IF(COUNTIF('2026년휴일'!$B:$B,$B193)>0,참조!$D$2,참조!$D$3))) -> 勤 | H193: =IF($G193=참조!$D$3,참조!$E$3,참조!$E$2) -> 1000 | I193: =SUMIFS(지출기록_7월!$H$3:$H$312,지출기록_7월!$E$3:$E$312,B193,지출기록_7월!$F$3:$F$312,참조!$F$2) -> 0 | J193: =SUMIFS(지출기록_7월!$H$3:$H$312,지출기록_7월!$E$3:$E$312,B193,지출기록_7월!$F$3:$F$312,참조!$F$3) -> 0 | K193: =I193-J193 -> 0 | L193: =IF(B193>$B$2,H193,K193) -> 1000 | M193: =$H193-$K193 -> 1000
B194: =DATE($A$1,C194,D194) -> 46210 | C194: 7 | D194: 7 | E194: =WEEKDAY(B194) -> 3 | F194: =IF($E194=참조!$B$2,참조!$C$2,IF($E194=참조!$B$3,참조!$C$3,IF($E194=참조!$B$4,참조!$C$4,IF($E194=참조!$B$5,참조!$C$5,IF($E194=참조!$B$6,참조!$C$6,IF($E194=참조!$B$7,참조!$C$7,IF($E194=참조!$B$8,참조!$C$8,""))))))) -> 火 | G194: =IF($F194=참조!$C$2,참조!$D$2,IF($F194=참조!$C$8,참조!$D$2,IF(COUNTIF('2026년휴일'!$B:$B,$B194)>0,참조!$D$2,참조!$D$3))) -> 勤 | H194: =IF($G194=참조!$D$3,참조!$E$3,참조!$E$2) -> 1000 | I194: =SUMIFS(지출기록_7월!$H$3:$H$312,지출기록_7월!$E$3:$E$312,B194,지출기록_7월!$F$3:$F$312,참조!$F$2) -> 0 | J194: =SUMIFS(지출기록_7월!$H$3:$H$312,지출기록_7월!$E$3:$E$312,B194,지출기록_7월!$F$3:$F$312,참조!$F$3) -> 0 | K194: =I194-J194 -> 0 | L194: =IF(B194>$B$2,H194,K194) -> 1000 | M194: =$H194-$K194 -> 1000
B195: =DATE($A$1,C195,D195) -> 46211 | C195: 7 | D195: 8 | E195: =WEEKDAY(B195) -> 4 | F195: =IF($E195=참조!$B$2,참조!$C$2,IF($E195=참조!$B$3,참조!$C$3,IF($E195=참조!$B$4,참조!$C$4,IF($E195=참조!$B$5,참조!$C$5,IF($E195=참조!$B$6,참조!$C$6,IF($E195=참조!$B$7,참조!$C$7,IF($E195=참조!$B$8,참조!$C$8,""))))))) -> 水 | G195: =IF($F195=참조!$C$2,참조!$D$2,IF($F195=참조!$C$8,참조!$D$2,IF(COUNTIF('2026년휴일'!$B:$B,$B195)>0,참조!$D$2,참조!$D$3))) -> 勤 | H195: =IF($G195=참조!$D$3,참조!$E$3,참조!$E$2) -> 1000 | I195: =SUMIFS(지출기록_7월!$H$3:$H$312,지출기록_7월!$E$3:$E$312,B195,지출기록_7월!$F$3:$F$312,참조!$F$2) -> 0 | J195: =SUMIFS(지출기록_7월!$H$3:$H$312,지출기록_7월!$E$3:$E$312,B195,지출기록_7월!$F$3:$F$312,참조!$F$3) -> 0 | K195: =I195-J195 -> 0 | L195: =IF(B195>$B$2,H195,K195) -> 1000 | M195: =$H195-$K195 -> 1000
B196: =DATE($A$1,C196,D196) -> 46212 | C196: 7 | D196: 9 | E196: =WEEKDAY(B196) -> 5 | F196: =IF($E196=참조!$B$2,참조!$C$2,IF($E196=참조!$B$3,참조!$C$3,IF($E196=참조!$B$4,참조!$C$4,IF($E196=참조!$B$5,참조!$C$5,IF($E196=참조!$B$6,참조!$C$6,IF($E196=참조!$B$7,참조!$C$7,IF($E196=참조!$B$8,참조!$C$8,""))))))) -> 木 | G196: =IF($F196=참조!$C$2,참조!$D$2,IF($F196=참조!$C$8,참조!$D$2,IF(COUNTIF('2026년휴일'!$B:$B,$B196)>0,참조!$D$2,참조!$D$3))) -> 勤 | H196: =IF($G196=참조!$D$3,참조!$E$3,참조!$E$2) -> 1000 | I196: =SUMIFS(지출기록_7월!$H$3:$H$312,지출기록_7월!$E$3:$E$312,B196,지출기록_7월!$F$3:$F$312,참조!$F$2) -> 0 | J196: =SUMIFS(지출기록_7월!$H$3:$H$312,지출기록_7월!$E$3:$E$312,B196,지출기록_7월!$F$3:$F$312,참조!$F$3) -> 0 | K196: =I196-J196 -> 0 | L196: =IF(B196>$B$2,H196,K196) -> 1000 | M196: =$H196-$K196 -> 1000
B197: =DATE($A$1,C197,D197) -> 46213 | C197: 7 | D197: 10 | E197: =WEEKDAY(B197) -> 6 | F197: =IF($E197=참조!$B$2,참조!$C$2,IF($E197=참조!$B$3,참조!$C$3,IF($E197=참조!$B$4,참조!$C$4,IF($E197=참조!$B$5,참조!$C$5,IF($E197=참조!$B$6,참조!$C$6,IF($E197=참조!$B$7,참조!$C$7,IF($E197=참조!$B$8,참조!$C$8,""))))))) -> 金 | G197: =IF($F197=참조!$C$2,참조!$D$2,IF($F197=참조!$C$8,참조!$D$2,IF(COUNTIF('2026년휴일'!$B:$B,$B197)>0,참조!$D$2,참조!$D$3))) -> 勤 | H197: =IF($G197=참조!$D$3,참조!$E$3,참조!$E$2) -> 1000 | I197: =SUMIFS(지출기록_7월!$H$3:$H$312,지출기록_7월!$E$3:$E$312,B197,지출기록_7월!$F$3:$F$312,참조!$F$2) -> 0 | J197: =SUMIFS(지출기록_7월!$H$3:$H$312,지출기록_7월!$E$3:$E$312,B197,지출기록_7월!$F$3:$F$312,참조!$F$3) -> 0 | K197: =I197-J197 -> 0 | L197: =IF(B197>$B$2,H197,K197) -> 1000 | M197: =$H197-$K197 -> 1000
B198: =DATE($A$1,C198,D198) -> 46214 | C198: 7 | D198: 11 | E198: =WEEKDAY(B198) -> 7 | F198: =IF($E198=참조!$B$2,참조!$C$2,IF($E198=참조!$B$3,참조!$C$3,IF($E198=참조!$B$4,참조!$C$4,IF($E198=참조!$B$5,참조!$C$5,IF($E198=참조!$B$6,참조!$C$6,IF($E198=참조!$B$7,참조!$C$7,IF($E198=참조!$B$8,참조!$C$8,""))))))) -> 土 | G198: =IF($F198=참조!$C$2,참조!$D$2,IF($F198=참조!$C$8,참조!$D$2,IF(COUNTIF('2026년휴일'!$B:$B,$B198)>0,참조!$D$2,참조!$D$3))) -> 休 | H198: =IF($G198=참조!$D$3,참조!$E$3,참조!$E$2) -> 5000 | I198: =SUMIFS(지출기록_7월!$H$3:$H$312,지출기록_7월!$E$3:$E$312,B198,지출기록_7월!$F$3:$F$312,참조!$F$2) -> 0 | J198: =SUMIFS(지출기록_7월!$H$3:$H$312,지출기록_7월!$E$3:$E$312,B198,지출기록_7월!$F$3:$F$312,참조!$F$3) -> 0 | K198: =I198-J198 -> 0 | L198: =IF(B198>$B$2,H198,K198) -> 5000 | M198: =$H198-$K198 -> 5000
B199: =DATE($A$1,C199,D199) -> 46215 | C199: 7 | D199: 12 | E199: =WEEKDAY(B199) -> 1 | F199: =IF($E199=참조!$B$2,참조!$C$2,IF($E199=참조!$B$3,참조!$C$3,IF($E199=참조!$B$4,참조!$C$4,IF($E199=참조!$B$5,참조!$C$5,IF($E199=참조!$B$6,참조!$C$6,IF($E199=참조!$B$7,참조!$C$7,IF($E199=참조!$B$8,참조!$C$8,""))))))) -> 日 | G199: =IF($F199=참조!$C$2,참조!$D$2,IF($F199=참조!$C$8,참조!$D$2,IF(COUNTIF('2026년휴일'!$B:$B,$B199)>0,참조!$D$2,참조!$D$3))) -> 休 | H199: =IF($G199=참조!$D$3,참조!$E$3,참조!$E$2) -> 5000 | I199: =SUMIFS(지출기록_7월!$H$3:$H$312,지출기록_7월!$E$3:$E$312,B199,지출기록_7월!$F$3:$F$312,참조!$F$2) -> 0 | J199: =SUMIFS(지출기록_7월!$H$3:$H$312,지출기록_7월!$E$3:$E$312,B199,지출기록_7월!$F$3:$F$312,참조!$F$3) -> 0 | K199: =I199-J199 -> 0 | L199: =IF(B199>$B$2,H199,K199) -> 5000 | M199: =$H199-$K199 -> 5000
... B218: =DATE($A$1,C218,D218) -> 46234 | C218: 7 | D218: 31 | E218: =WEEKDAY(B218) -> 6 | F218: =IF($E218=참조!$B$2,참조!$C$2,IF($E218=참조!$B$3,참조!$C$3,IF($E218=참조!$B$4,참조!$C$4,IF($E218=참조!$B$5,참조!$C$5,IF($E218=참조!$B$6,참조!$C$6,IF($E218=참조!$B$7,참조!$C$7,IF($E218=참조!$B$8,참조!$C$8,""))))))) -> 金 | G218: =IF($F218=참조!$C$2,참조!$D$2,IF($F218=참조!$C$8,참조!$D$2,IF(COUNTIF('2026년휴일'!$B:$B,$B218)>0,참조!$D$2,참조!$D$3))) -> 勤 | H218: =IF($G218=참조!$D$3,참조!$E$3,참조!$E$2) -> 1000 | I218: =SUMIFS(지출기록_7월!$H$3:$H$312,지출기록_7월!$E$3:$E$312,B218,지출기록_7월!$F$3:$F$312,참조!$F$2) -> 0 | J218: =SUMIFS(지출기록_7월!$H$3:$H$312,지출기록_7월!$E$3:$E$312,B218,지출기록_7월!$F$3:$F$312,참조!$F$3) -> 0 | K218: =I218-J218 -> 0 | L218: =IF(B218>$B$2,H218,K218) -> 1000 | M218: =$H218-$K218 -> 1000
B219: =DATE($A$1,C219,D219) -> 46235 | C219: 8 | D219: 1 | E219: =WEEKDAY(B219) -> 7 | F219: =IF($E219=참조!$B$2,참조!$C$2,IF($E219=참조!$B$3,참조!$C$3,IF($E219=참조!$B$4,참조!$C$4,IF($E219=참조!$B$5,참조!$C$5,IF($E219=참조!$B$6,참조!$C$6,IF($E219=참조!$B$7,참조!$C$7,IF($E219=참조!$B$8,참조!$C$8,""))))))) -> 土 | G219: =IF($F219=참조!$C$2,참조!$D$2,IF($F219=참조!$C$8,참조!$D$2,IF(COUNTIF('2026년휴일'!$B:$B,$B219)>0,참조!$D$2,참조!$D$3))) -> 休 | H219: =IF($G219=참조!$D$3,참조!$E$3,참조!$E$2) -> 5000 | I219: =SUMIFS(지출기록_8월!$H$3:$H$314,지출기록_8월!$E$3:$E$314,B219,지출기록_8월!$F$3:$F$314,참조!$F$2) -> 0 | J219: =SUMIFS(지출기록_8월!$H$3:$H$314,지출기록_8월!$E$3:$E$314,B219,지출기록_8월!$F$3:$F$314,참조!$F$3) -> 0 | K219: =I219-J219 -> 0 | L219: =IF(B219>$B$2,H219,K219) -> 5000 | M219: =$H219-$K219 -> 5000
B220: =DATE($A$1,C220,D220) -> 46236 | C220: 8 | D220: 2 | E220: =WEEKDAY(B220) -> 1 | F220: =IF($E220=참조!$B$2,참조!$C$2,IF($E220=참조!$B$3,참조!$C$3,IF($E220=참조!$B$4,참조!$C$4,IF($E220=참조!$B$5,참조!$C$5,IF($E220=참조!$B$6,참조!$C$6,IF($E220=참조!$B$7,참조!$C$7,IF($E220=참조!$B$8,참조!$C$8,""))))))) -> 日 | G220: =IF($F220=참조!$C$2,참조!$D$2,IF($F220=참조!$C$8,참조!$D$2,IF(COUNTIF('2026년휴일'!$B:$B,$B220)>0,참조!$D$2,참조!$D$3))) -> 休 | H220: =IF($G220=참조!$D$3,참조!$E$3,참조!$E$2) -> 5000 | I220: =SUMIFS(지출기록_8월!$H$3:$H$314,지출기록_8월!$E$3:$E$314,B220,지출기록_8월!$F$3:$F$314,참조!$F$2) -> 0 | J220: =SUMIFS(지출기록_8월!$H$3:$H$314,지출기록_8월!$E$3:$E$314,B220,지출기록_8월!$F$3:$F$314,참조!$F$3) -> 0 | K220: =I220-J220 -> 0 | L220: =IF(B220>$B$2,H220,K220) -> 5000 | M220: =$H220-$K220 -> 5000
B221: =DATE($A$1,C221,D221) -> 46237 | C221: 8 | D221: 3 | E221: =WEEKDAY(B221) -> 2 | F221: =IF($E221=참조!$B$2,참조!$C$2,IF($E221=참조!$B$3,참조!$C$3,IF($E221=참조!$B$4,참조!$C$4,IF($E221=참조!$B$5,참조!$C$5,IF($E221=참조!$B$6,참조!$C$6,IF($E221=참조!$B$7,참조!$C$7,IF($E221=참조!$B$8,참조!$C$8,""))))))) -> 月 | G221: =IF($F221=참조!$C$2,참조!$D$2,IF($F221=참조!$C$8,참조!$D$2,IF(COUNTIF('2026년휴일'!$B:$B,$B221)>0,참조!$D$2,참조!$D$3))) -> 勤 | H221: =IF($G221=참조!$D$3,참조!$E$3,참조!$E$2) -> 1000 | I221: =SUMIFS(지출기록_8월!$H$3:$H$314,지출기록_8월!$E$3:$E$314,B221,지출기록_8월!$F$3:$F$314,참조!$F$2) -> 0 | J221: =SUMIFS(지출기록_8월!$H$3:$H$314,지출기록_8월!$E$3:$E$314,B221,지출기록_8월!$F$3:$F$314,참조!$F$3) -> 0 | K221: =I221-J221 -> 0 | L221: =IF(B221>$B$2,H221,K221) -> 1000 | M221: =$H221-$K221 -> 1000 | N221: =SUM(K215:K221) -> 0
...

Sheet 지출기록_1월
A1: 년도 | B1: ='2026년달력'!A1 -> 2026
A2: 월 | B2: 1 | E2: 날짜 | F2: 구분 | G2: 수단 | H2: 액수 | I2: 내용 | J2: 비고
D3: 1 | E3: =DATE($B$1,$B$2,$D3) -> 46023
D4: 1 | E4: =DATE($B$1,$B$2,$D4) -> 46023
D5: 1 | E5: =DATE($B$1,$B$2,$D5) -> 46023
D6: 1 | E6: =DATE($B$1,$B$2,$D6) -> 46023
D7: 1 | E7: =DATE($B$1,$B$2,$D7) -> 46023
D8: 1 | E8: =DATE($B$1,$B$2,$D8) -> 46023
D9: 1 | E9: =DATE($B$1,$B$2,$D9) -> 46023
D10: 1 | E10: =DATE($B$1,$B$2,$D10) -> 46023
D11: 1 | E11: =DATE($B$1,$B$2,$D11) -> 46023
D12: 1 | E12: =DATE($B$1,$B$2,$D12) -> 46023
D13: 2 | E13: =DATE($B$1,$B$2,$D13) -> 46024
D14: 2 | E14: =DATE($B$1,$B$2,$D14) -> 46024
... D312: 31 | E312: =DATE($B$1,$B$2,$D312) -> 46053

Sheet 지출기록_2월
A1: 년도 | B1: ='2026년달력'!A1 -> 2026
A2: 월 | B2: 2 | E2: 날짜 | F2: 구분 | G2: 수단 | H2: 액수 | I2: 내용 | J2: 비고
D3: 1 | E3: =DATE($B$1,$B$2,$D3) -> 46054
D4: 1 | E4: =DATE($B$1,$B$2,$D4) -> 46054
D5: 1 | E5: =DATE($B$1,$B$2,$D5) -> 46054
D6: 1 | E6: =DATE($B$1,$B$2,$D6) -> 46054
D7: 1 | E7: =DATE($B$1,$B$2,$D7) -> 46054
D8: 1 | E8: =DATE($B$1,$B$2,$D8) -> 46054
D9: 1 | E9: =DATE($B$1,$B$2,$D9) -> 46054
D10: 1 | E10: =DATE($B$1,$B$2,$D10) -> 46054
D11: 1 | E11: =DATE($B$1,$B$2,$D11) -> 46054
D12: 1 | E12: =DATE($B$1,$B$2,$D12) -> 46054
D13: 2 | E13: =DATE($B$1,$B$2,$D13) -> 46055
D14: 2 | E14: =DATE($B$1,$B$2,$D14) -> 46055
... D282: 28 | E282: =DATE($B$1,$B$2,$D282) -> 46081

Sheet 지출기록_3월
A1: 년도 | B1: ='2026년달력'!A1 -> 2026
A2: 월 | B2: 3 | E2: 날짜 | F2: 구분 | G2: 수단 | H2: 액수 | I2: 내용 | J2: 비고
D3: 1 | E3: =DATE($B$1,$B$2,$D3) -> 46082
D4: 1 | E4: =DATE($B$1,$B$2,$D4) -> 46082
D5: 1 | E5: =DATE($B$1,$B$2,$D5) -> 46082
D6: 1 | E6: =DATE($B$1,$B$2,$D6) -> 46082
D7: 1 | E7: =DATE($B$1,$B$2,$D7) -> 46082
D8: 1 | E8: =DATE($B$1,$B$2,$D8) -> 46082
D9: 1 | E9: =DATE($B$1,$B$2,$D9) -> 46082
D10: 1 | E10: =DATE($B$1,$B$2,$D10) -> 46082
D11: 1 | E11: =DATE($B$1,$B$2,$D11) -> 46082
D12: 1 | E12: =DATE($B$1,$B$2,$D12) -> 46082
D13: 2 | E13: =DATE($B$1,$B$2,$D13) -> 46083
D14: 2 | E14: =DATE($B$1,$B$2,$D14) -> 46083
... D312: 31 | E312: =DATE($B$1,$B$2,$D312) -> 46112

Sheet 지출기록_4월
A1: 년도 | B1: ='2026년달력'!A1 -> 2026
A2: 월 | B2: 4 | E2: 날짜 | F2: 구분 | G2: 수단 | H2: 액수 | I2: 내용 | J2: 비고
D3: 1 | E3: =DATE($B$1,$B$2,$D3) -> 46113
D4: 1 | E4: =DATE($B$1,$B$2,$D4) -> 46113
D5: 1 | E5: =DATE($B$1,$B$2,$D5) -> 46113
D6: 1 | E6: =DATE($B$1,$B$2,$D6) -> 46113
D7: 1 | E7: =DATE($B$1,$B$2,$D7) -> 46113
D8: 1 | E8: =DATE($B$1,$B$2,$D8) -> 46113
D9: 1 | E9: =DATE($B$1,$B$2,$D9) -> 46113
D10: 1 | E10: =DATE($B$1,$B$2,$D10) -> 46113
D11: 1 | E11: =DATE($B$1,$B$2,$D11) -> 46113
D12: 1 | E12: =DATE($B$1,$B$2,$D12) -> 46113
D13: 2 | E13: =DATE($B$1,$B$2,$D13) -> 46114
D14: 2 | E14: =DATE($B$1,$B$2,$D14) -> 46114
... D302: 30 | E302: =DATE($B$1,$B$2,$D302) -> 46142

Sheet 지출기록_5월
A1: 년도 | B1: ='2026년달력'!A1 -> 2026
A2: 월 | B2: 5 | E2: 날짜 | F2: 구분 | G2: 수단 | H2: 액수 | I2: 내용 | J2: 비고
D3: 1 | E3: =DATE($B$1,$B$2,$D3) -> 46143
D4: 1 | E4: =DATE($B$1,$B$2,$D4) -> 46143
D5: 1 | E5: =DATE($B$1,$B$2,$D5) -> 46143
D6: 1 | E6: =DATE($B$1,$B$2,$D6) -> 46143
D7: 1 | E7: =DATE($B$1,$B$2,$D7) -> 46143
D8: 1 | E8: =DATE($B$1,$B$2,$D8) -> 46143
D9: 1 | E9: =DATE($B$1,$B$2,$D9) -> 46143
D10: 1 | E10: =DATE($B$1,$B$2,$D10) -> 46143
D11: 1 | E11: =DATE($B$1,$B$2,$D11) -> 46143
D12: 1 | E12: =DATE($B$1,$B$2,$D12) -> 46143
D13: 2 | E13: =DATE($B$1,$B$2,$D13) -> 46144
D14: 2 | E14: =DATE($B$1,$B$2,$D14) -> 46144
... D312: 31 | E312: =DATE($B$1,$B$2,$D312) -> 46173

Sheet 지출기록_6월
A1: 년도 | B1: ='2026년달력'!A1 -> 2026
A2: 월 | B2: 6 | E2: 날짜 | F2: 구분 | G2: 수단 | H2: 액수 | I2: 내용 | J2: 비고
D3: 1 | E3: =DATE($B$1,$B$2,$D3) -> 46174
D4: 1 | E4: =DATE($B$1,$B$2,$D4) -> 46174
D5: 1 | E5: =DATE($B$1,$B$2,$D5) -> 46174
D6: 1 | E6: =DATE($B$1,$B$2,$D6) -> 46174
D7: 1 | E7: =DATE($B$1,$B$2,$D7) -> 46174
D8: 1 | E8: =DATE($B$1,$B$2,$D8) -> 46174
D9: 1 | E9: =DATE($B$1,$B$2,$D9) -> 46174
D10: 1 | E10: =DATE($B$1,$B$2,$D10) -> 46174
D11: 1 | E11: =DATE($B$1,$B$2,$D11) -> 46174
D12: 1 | E12: =DATE($B$1,$B$2,$D12) -> 46174
D13: 2 | E13: =DATE($B$1,$B$2,$D13) -> 46175
D14: 2 | E14: =DATE($B$1,$B$2,$D14) -> 46175
... D302: 30 | E302: =DATE($B$1,$B$2,$D302) -> 46203

Sheet 지출기록_7월
A1: 년도 | B1: ='2026년달력'!A1 -> 2026
A2: 월 | B2: 7 | E2: 날짜 | F2: 구분 | G2: 수단 | H2: 액수 | I2: 내용 | J2: 비고
D3: 1 | E3: =DATE($B$1,$B$2,$D3) -> 46204
D4: 1 | E4: =DATE($B$1,$B$2,$D4) -> 46204
D5: 1 | E5: =DATE($B$1,$B$2,$D5) -> 46204
D6: 1 | E6: =DATE($B$1,$B$2,$D6) -> 46204
D7: 1 | E7: =DATE($B$1,$B$2,$D7) -> 46204
D8: 1 | E8: =DATE($B$1,$B$2,$D8) -> 46204
D9: 1 | E9: =DATE($B$1,$B$2,$D9) -> 46204
D10: 1 | E10: =DATE($B$1,$B$2,$D10) -> 46204
D11: 1 | E11: =DATE($B$1,$B$2,$D11) -> 46204
D12: 1 | E12: =DATE($B$1,$B$2,$D12) -> 46204
D13: 2 | E13: =DATE($B$1,$B$2,$D13) -> 46205
D14: 2 | E14: =DATE($B$1,$B$2,$D14) -> 46205
... D312: 31 | E312: =DATE($B$1,$B$2,$D312) -> 46234

Sheet 지출기록_8월
A1: 년도 | B1: ='2026년달력'!A1 -> 2026
A2: 월 | B2: 8 | E2: 날짜 | F2: 구분 | G2: 수단 | H2: 액수 | I2: 내용 | J2: 비고
D3: 1 | E3: =DATE($B$1,$B$2,$D3) -> 46235
D4: 1 | E4: =DATE($B$1,$B$2,$D4) -> 46235
D5: 1 | E5: =DATE($B$1,$B$2,$D5) -> 46235
D6: 1 | E6: =DATE($B$1,$B$2,$D6) -> 46235
D7: 1 | E7: =DATE($B$1,$B$2,$D7) -> 46235
D8: 1 | E8: =DATE($B$1,$B$2,$D8) -> 46235
D9: 1 | E9: =DATE($B$1,$B$2,$D9) -> 46235
D10: 1 | E10: =DATE($B$1,$B$2,$D10) -> 46235
D11: 1 | E11: =DATE($B$1,$B$2,$D11) -> 46235
D12: 1 | E12: =DATE($B$1,$B$2,$D12) -> 46235
D13: 2 | E13: =DATE($B$1,$B$2,$D13) -> 46236
D14: 2 | E14: =DATE($B$1,$B$2,$D14) -> 46236
... D314: 31 | E314: =DATE($B$1,$B$2,$D314) -> 46265

Sheet 지출기록_9월
A1: 년도 | B1: ='2026년달력'!A1 -> 2026
A2: 월 | B2: 9 | E2: 날짜 | F2: 구분 | G2: 수단 | H2: 액수 | I2: 내용 | J2: 비고
D3: 1 | E3: =DATE($B$1,$B$2,$D3) -> 46266
D4: 1 | E4: =DATE($B$1,$B$2,$D4) -> 46266
D5: 1 | E5: =DATE($B$1,$B$2,$D5) -> 46266
D6: 1 | E6: =DATE($B$1,$B$2,$D6) -> 46266
D7: 1 | E7: =DATE($B$1,$B$2,$D7) -> 46266
D8: 1 | E8: =DATE($B$1,$B$2,$D8) -> 46266
D9: 1 | E9: =DATE($B$1,$B$2,$D9) -> 46266
D10: 1 | E10: =DATE($B$1,$B$2,$D10) -> 46266
D11: 1 | E11: =DATE($B$1,$B$2,$D11) -> 46266
D12: 1 | E12: =DATE($B$1,$B$2,$D12) -> 46266
D13: 2 | E13: =DATE($B$1,$B$2,$D13) -> 46267
D14: 2 | E14: =DATE($B$1,$B$2,$D14) -> 46267
... D302: 30 | E302: =DATE($B$1,$B$2,$D302) -> 46295

Sheet 지출기록_10월
A1: 년도 | B1: ='2026년달력'!A1 -> 2026
A2: 월 | B2: 10 | E2: 날짜 | F2: 구분 | G2: 수단 | H2: 액수 | I2: 내용 | J2: 비고
D3: 1 | E3: =DATE($B$1,$B$2,$D3) -> 46296
D4: 1 | E4: =DATE($B$1,$B$2,$D4) -> 46296
D5: 1 | E5: =DATE($B$1,$B$2,$D5) -> 46296
D6: 1 | E6: =DATE($B$1,$B$2,$D6) -> 46296
D7: 1 | E7: =DATE($B$1,$B$2,$D7) -> 46296
D8: 1 | E8: =DATE($B$1,$B$2,$D8) -> 46296
D9: 1 | E9: =DATE($B$1,$B$2,$D9) -> 46296
D10: 1 | E10: =DATE($B$1,$B$2,$D10) -> 46296
D11: 1 | E11: =DATE($B$1,$B$2,$D11) -> 46296
D12: 1 | E12: =DATE($B$1,$B$2,$D12) -> 46296
D13: 2 | E13: =DATE($B$1,$B$2,$D13) -> 46297
D14: 2 | E14: =DATE($B$1,$B$2,$D14) -> 46297
... D312: 31 | E312: =DATE($B$1,$B$2,$D312) -> 46326

Sheet 지출기록_11월
A1: 년도 | B1: ='2026년달력'!A1 -> 2026
A2: 월 | B2: 11 | E2: 날짜 | F2: 구분 | G2: 수단 | H2: 액수 | I2: 내용 | J2: 비고
D3: 1 | E3: =DATE($B$1,$B$2,$D3) -> 46327
D4: 1 | E4: =DATE($B$1,$B$2,$D4) -> 46327
D5: 1 | E5: =DATE($B$1,$B$2,$D5) -> 46327
D6: 1 | E6: =DATE($B$1,$B$2,$D6) -> 46327
D7: 1 | E7: =DATE($B$1,$B$2,$D7) -> 46327
D8: 1 | E8: =DATE($B$1,$B$2,$D8) -> 46327
D9: 1 | E9: =DATE($B$1,$B$2,$D9) -> 46327
D10: 1 | E10: =DATE($B$1,$B$2,$D10) -> 46327
D11: 1 | E11: =DATE($B$1,$B$2,$D11) -> 46327
D12: 1 | E12: =DATE($B$1,$B$2,$D12) -> 46327
D13: 2 | E13: =DATE($B$1,$B$2,$D13) -> 46328
D14: 2 | E14: =DATE($B$1,$B$2,$D14) -> 46328
... D302: 30 | E302: =DATE($B$1,$B$2,$D302) -> 46356

Sheet 지출기록_12월
A1: 년도 | B1: ='2026년달력'!A1 -> 2026
A2: 월 | B2: 12 | E2: 날짜 | F2: 구분 | G2: 수단 | H2: 액수 | I2: 내용 | J2: 비고
D3: 1 | E3: =DATE($B$1,$B$2,$D3) -> 46357
D4: 1 | E4: =DATE($B$1,$B$2,$D4) -> 46357
D5: 1 | E5: =DATE($B$1,$B$2,$D5) -> 46357
D6: 1 | E6: =DATE($B$1,$B$2,$D6) -> 46357
D7: 1 | E7: =DATE($B$1,$B$2,$D7) -> 46357
D8: 1 | E8: =DATE($B$1,$B$2,$D8) -> 46357
D9: 1 | E9: =DATE($B$1,$B$2,$D9) -> 46357
D10: 1 | E10: =DATE($B$1,$B$2,$D10) -> 46357
D11: 1 | E11: =DATE($B$1,$B$2,$D11) -> 46357
D12: 1 | E12: =DATE($B$1,$B$2,$D12) -> 46357
D13: 2 | E13: =DATE($B$1,$B$2,$D13) -> 46358
D14: 2 | E14: =DATE($B$1,$B$2,$D14) -> 46358
... D312: 31 | E312: =DATE($B$1,$B$2,$D312) -> 46387

Sheet 지출기록_양식
A1: 년도 | B1: 2025
A2: 월 | B2: 1 | E2: 날짜 | F2: 구분 | G2: 수단 | H2: 액수 | I2: 내용 | J2: 비고
D3: 1 | E3: =DATE($B$1,$B$2,$D3) -> 45658
D4: 1 | E4: =DATE($B$1,$B$2,$D4) -> 45658
D5: 1 | E5: =DATE($B$1,$B$2,$D5) -> 45658
D6: 1 | E6: =DATE($B$1,$B$2,$D6) -> 45658
D7: 1 | E7: =DATE($B$1,$B$2,$D7) -> 45658
D8: 1 | E8: =DATE($B$1,$B$2,$D8) -> 45658
D9: 1 | E9: =DATE($B$1,$B$2,$D9) -> 45658
D10: 1 | E10: =DATE($B$1,$B$2,$D10) -> 45658
D11: 1 | E11: =DATE($B$1,$B$2,$D11) -> 45658
D12: 1 | E12: =DATE($B$1,$B$2,$D12) -> 45658
D13: 2 | E13: =DATE($B$1,$B$2,$D13) -> 45659
D14: 2 | E14: =DATE($B$1,$B$2,$D14) -> 45659
... D312: 31 | E312: =DATE($B$1,$B$2,$D312) -> 45688
